Country,Year,HDI
Afghanistan,1990,0.298
Afghanistan,1991,0.304
Afghanistan,1992,0.312
Afghanistan,1993,0.308
Afghanistan,1994,0.303
Afghanistan,1995,0.327
Afghanistan,1996,0.331
Afghanistan,1997,0.335
Afghanistan,1998,0.339
Afghanistan,1999,0.343
Afghanistan,2000,0.345
Afghanistan,2001,0.347
Afghanistan,2002,0.378
Afghanistan,2003,0.387
Afghanistan,2004,0.4
Afghanistan,2005,0.41
Afghanistan,2006,0.419
Afghanistan,2007,0.431
Afghanistan,2008,0.436
Afghanistan,2009,0.447
Afghanistan,2010,0.464
Afghanistan,2011,0.465
Afghanistan,2012,0.479
Afghanistan,2013,0.485
Afghanistan,2014,0.488
Afghanistan,2015,0.49
Afghanistan,2016,0.491
Afghanistan,2017,0.493
Afghanistan,2018,0.496
Albania,1990,0.644
Albania,1991,0.625
Albania,1992,0.608
Albania,1993,0.611
Albania,1994,0.617
Albania,1995,0.629
Albania,1996,0.639
Albania,1997,0.639
Albania,1998,0.649
Albania,1999,0.66
Albania,2000,0.667
Albania,2001,0.673
Albania,2002,0.68
Albania,2003,0.687
Albania,2004,0.692
Albania,2005,0.702
Albania,2006,0.709
Albania,2007,0.718
Albania,2008,0.724
Albania,2009,0.729
Albania,2010,0.74
Albania,2011,0.759
Albania,2012,0.771
Albania,2013,0.781
Albania,2014,0.787
Albania,2015,0.788
Albania,2016,0.788
Albania,2017,0.789
Albania,2018,0.791
Algeria,1990,0.578
Algeria,1991,0.582
Algeria,1992,0.589
Algeria,1993,0.593
Algeria,1994,0.597
Algeria,1995,0.602
Algeria,1996,0.61
Algeria,1997,0.619
Algeria,1998,0.629
Algeria,1999,0.638
Algeria,2000,0.646
Algeria,2001,0.655
Algeria,2002,0.666
Algeria,2003,0.676
Algeria,2004,0.685
Algeria,2005,0.694
Algeria,2006,0.699
Algeria,2007,0.708
Algeria,2008,0.711
Algeria,2009,0.72
Algeria,2010,0.73
Algeria,2011,0.738
Algeria,2012,0.737
Algeria,2013,0.746
Algeria,2014,0.749
Algeria,2015,0.751
Algeria,2016,0.755
Algeria,2017,0.758
Algeria,2018,0.759
Argentina,1990,0.707
Argentina,1991,0.714
Argentina,1992,0.719
Argentina,1993,0.725
Argentina,1994,0.729
Argentina,1995,0.731
Argentina,1996,0.738
Argentina,1997,0.746
Argentina,1998,0.752
Argentina,1999,0.763
Argentina,2000,0.77
Argentina,2001,0.775
Argentina,2002,0.77
Argentina,2003,0.775
Argentina,2004,0.775
Argentina,2005,0.777
Argentina,2006,0.801
Argentina,2007,0.806
Argentina,2008,0.81
Argentina,2009,0.81
Argentina,2010,0.818
Argentina,2011,0.823
Argentina,2012,0.823
Argentina,2013,0.824
Argentina,2014,0.825
Argentina,2015,0.828
Argentina,2016,0.828
Argentina,2017,0.832
Argentina,2018,0.83
Armenia,1990,0.633
Armenia,1991,0.629
Armenia,1992,0.585
Armenia,1993,0.59
Armenia,1994,0.6
Armenia,1995,0.604
Armenia,1996,0.614
Armenia,1997,0.625
Armenia,1998,0.637
Armenia,1999,0.644
Armenia,2000,0.649
Armenia,2001,0.653
Armenia,2002,0.663
Armenia,2003,0.672
Armenia,2004,0.681
Armenia,2005,0.694
Armenia,2006,0.708
Armenia,2007,0.724
Armenia,2008,0.727
Armenia,2009,0.724
Armenia,2010,0.729
Armenia,2011,0.733
Armenia,2012,0.737
Armenia,2013,0.743
Armenia,2014,0.746
Armenia,2015,0.748
Armenia,2016,0.751
Armenia,2017,0.758
Armenia,2018,0.76
Australia,1990,0.866
Australia,1991,0.867
Australia,1992,0.868
Australia,1993,0.872
Australia,1994,0.875
Australia,1995,0.883
Australia,1996,0.886
Australia,1997,0.889
Australia,1998,0.892
Australia,1999,0.895
Australia,2000,0.898
Australia,2001,0.9
Australia,2002,0.903
Australia,2003,0.904
Australia,2004,0.907
Australia,2005,0.902
Australia,2006,0.905
Australia,2007,0.908
Australia,2008,0.922
Australia,2009,0.923
Australia,2010,0.926
Australia,2011,0.928
Australia,2012,0.932
Australia,2013,0.926
Australia,2014,0.929
Australia,2015,0.933
Australia,2016,0.935
Australia,2017,0.937
Australia,2018,0.938
Austria,1990,0.795
Austria,1991,0.799
Austria,1992,0.805
Austria,1993,0.809
Austria,1994,0.813
Austria,1995,0.817
Austria,1996,0.82
Austria,1997,0.824
Austria,1998,0.828
Austria,1999,0.834
Austria,2000,0.838
Austria,2001,0.849
Austria,2002,0.838
Austria,2003,0.842
Austria,2004,0.849
Austria,2005,0.855
Austria,2006,0.861
Austria,2007,0.881
Austria,2008,0.884
Austria,2009,0.886
Austria,2010,0.895
Austria,2011,0.897
Austria,2012,0.899
Austria,2013,0.896
Austria,2014,0.904
Austria,2015,0.906
Austria,2016,0.909
Austria,2017,0.912
Austria,2018,0.914
Bahrain,1990,0.736
Bahrain,1991,0.755
Bahrain,1992,0.756
Bahrain,1993,0.764
Bahrain,1994,0.768
Bahrain,1995,0.775
Bahrain,1996,0.779
Bahrain,1997,0.781
Bahrain,1998,0.784
Bahrain,1999,0.786
Bahrain,2000,0.792
Bahrain,2001,0.792
Bahrain,2002,0.792
Bahrain,2003,0.793
Bahrain,2004,0.792
Bahrain,2005,0.792
Bahrain,2006,0.793
Bahrain,2007,0.796
Bahrain,2008,0.796
Bahrain,2009,0.794
Bahrain,2010,0.796
Bahrain,2011,0.798
Bahrain,2012,0.8
Bahrain,2013,0.807
Bahrain,2014,0.81
Bahrain,2015,0.834
Bahrain,2016,0.839
Bahrain,2017,0.839
Bahrain,2018,0.838
Bangladesh,1990,0.388
Bangladesh,1991,0.395
Bangladesh,1992,0.403
Bangladesh,1993,0.411
Bangladesh,1994,0.419
Bangladesh,1995,0.427
Bangladesh,1996,0.436
Bangladesh,1997,0.444
Bangladesh,1998,0.453
Bangladesh,1999,0.462
Bangladesh,2000,0.47
Bangladesh,2001,0.479
Bangladesh,2002,0.485
Bangladesh,2003,0.492
Bangladesh,2004,0.499
Bangladesh,2005,0.506
Bangladesh,2006,0.514
Bangladesh,2007,0.521
Bangladesh,2008,0.524
Bangladesh,2009,0.535
Bangladesh,2010,0.549
Bangladesh,2011,0.559
Bangladesh,2012,0.567
Bangladesh,2013,0.572
Bangladesh,2014,0.572
Bangladesh,2015,0.588
Bangladesh,2016,0.599
Bangladesh,2017,0.609
Bangladesh,2018,0.614
Barbados,1990,0.732
Barbados,1991,0.733
Barbados,1992,0.733
Barbados,1993,0.737
Barbados,1994,0.743
Barbados,1995,0.747
Barbados,1996,0.751
Barbados,1997,0.757
Barbados,1998,0.756
Barbados,1999,0.764
Barbados,2000,0.771
Barbados,2001,0.77
Barbados,2002,0.774
Barbados,2003,0.778
Barbados,2004,0.782
Barbados,2005,0.786
Barbados,2006,0.791
Barbados,2007,0.796
Barbados,2008,0.799
Barbados,2009,0.801
Barbados,2010,0.799
Barbados,2011,0.802
Barbados,2012,0.811
Barbados,2013,0.812
Barbados,2014,0.812
Barbados,2015,0.812
Barbados,2016,0.814
Barbados,2017,0.813
Barbados,2018,0.813
Belgium,1990,0.806
Belgium,1991,0.81
Belgium,1992,0.825
Belgium,1993,0.838
Belgium,1994,0.845
Belgium,1995,0.851
Belgium,1996,0.857
Belgium,1997,0.862
Belgium,1998,0.866
Belgium,1999,0.868
Belgium,2000,0.873
Belgium,2001,0.876
Belgium,2002,0.879
Belgium,2003,0.882
Belgium,2004,0.885
Belgium,2005,0.889
Belgium,2006,0.896
Belgium,2007,0.899
Belgium,2008,0.899
Belgium,2009,0.899
Belgium,2010,0.903
Belgium,2011,0.904
Belgium,2012,0.905
Belgium,2013,0.908
Belgium,2014,0.91
Belgium,2015,0.913
Belgium,2016,0.915
Belgium,2017,0.917
Belgium,2018,0.919
Belize,1990,0.613
Belize,1991,0.618
Belize,1992,0.624
Belize,1993,0.627
Belize,1994,0.627
Belize,1995,0.627
Belize,1996,0.627
Belize,1997,0.63
Belize,1998,0.631
Belize,1999,0.636
Belize,2000,0.643
Belize,2001,0.647
Belize,2002,0.655
Belize,2003,0.663
Belize,2004,0.668
Belize,2005,0.666
Belize,2006,0.676
Belize,2007,0.678
Belize,2008,0.683
Belize,2009,0.688
Belize,2010,0.693
Belize,2011,0.699
Belize,2012,0.706
Belize,2013,0.707
Belize,2014,0.71
Belize,2015,0.715
Belize,2016,0.722
Belize,2017,0.719
Belize,2018,0.72
Benin,1990,0.348
Benin,1991,0.354
Benin,1992,0.358
Benin,1993,0.365
Benin,1994,0.368
Benin,1995,0.373
Benin,1996,0.377
Benin,1997,0.381
Benin,1998,0.385
Benin,1999,0.391
Benin,2000,0.398
Benin,2001,0.41
Benin,2002,0.419
Benin,2003,0.426
Benin,2004,0.434
Benin,2005,0.44
Benin,2006,0.447
Benin,2007,0.455
Benin,2008,0.462
Benin,2009,0.468
Benin,2010,0.473
Benin,2011,0.479
Benin,2012,0.489
Benin,2013,0.5
Benin,2014,0.505
Benin,2015,0.51
Benin,2016,0.512
Benin,2017,0.515
Benin,2018,0.52
Bolivia (Plurinational State of),1990,0.54
Bolivia (Plurinational State of),1991,0.549
Bolivia (Plurinational State of),1992,0.555
Bolivia (Plurinational State of),1993,0.562
Bolivia (Plurinational State of),1994,0.57
Bolivia (Plurinational State of),1995,0.578
Bolivia (Plurinational State of),1996,0.585
Bolivia (Plurinational State of),1997,0.587
Bolivia (Plurinational State of),1998,0.599
Bolivia (Plurinational State of),1999,0.608
Bolivia (Plurinational State of),2000,0.616
Bolivia (Plurinational State of),2001,0.619
Bolivia (Plurinational State of),2002,0.625
Bolivia (Plurinational State of),2003,0.629
Bolivia (Plurinational State of),2004,0.63
Bolivia (Plurinational State of),2005,0.632
Bolivia (Plurinational State of),2006,0.638
Bolivia (Plurinational State of),2007,0.638
Bolivia (Plurinational State of),2008,0.647
Bolivia (Plurinational State of),2009,0.651
Bolivia (Plurinational State of),2010,0.656
Bolivia (Plurinational State of),2011,0.66
Bolivia (Plurinational State of),2012,0.663
Bolivia (Plurinational State of),2013,0.673
Bolivia (Plurinational State of),2014,0.678
Bolivia (Plurinational State of),2015,0.685
Bolivia (Plurinational State of),2016,0.692
Bolivia (Plurinational State of),2017,0.7
Bolivia (Plurinational State of),2018,0.703
Botswana,1990,0.57
Botswana,1991,0.576
Botswana,1992,0.574
Botswana,1993,0.573
Botswana,1994,0.567
Botswana,1995,0.573
Botswana,1996,0.572
Botswana,1997,0.575
Botswana,1998,0.577
Botswana,1999,0.579
Botswana,2000,0.578
Botswana,2001,0.58
Botswana,2002,0.576
Botswana,2003,0.583
Botswana,2004,0.589
Botswana,2005,0.598
Botswana,2006,0.612
Botswana,2007,0.625
Botswana,2008,0.638
Botswana,2009,0.647
Botswana,2010,0.66
Botswana,2011,0.676
Botswana,2012,0.687
Botswana,2013,0.699
Botswana,2014,0.709
Botswana,2015,0.714
Botswana,2016,0.719
Botswana,2017,0.724
Botswana,2018,0.728
Brazil,1990,0.613
Brazil,1991,0.62
Brazil,1992,0.626
Brazil,1993,0.634
Brazil,1994,0.642
Brazil,1995,0.651
Brazil,1996,0.657
Brazil,1997,0.664
Brazil,1998,0.67
Brazil,1999,0.675
Brazil,2000,0.684
Brazil,2001,0.691
Brazil,2002,0.698
Brazil,2003,0.694
Brazil,2004,0.697
Brazil,2005,0.7
Brazil,2006,0.701
Brazil,2007,0.705
Brazil,2008,0.716
Brazil,2009,0.718
Brazil,2010,0.726
Brazil,2011,0.73
Brazil,2012,0.734
Brazil,2013,0.752
Brazil,2014,0.755
Brazil,2015,0.755
Brazil,2016,0.757
Brazil,2017,0.76
Brazil,2018,0.761
Brunei Darussalam,1990,0.768
Brunei Darussalam,1991,0.773
Brunei Darussalam,1992,0.778
Brunei Darussalam,1993,0.783
Brunei Darussalam,1994,0.788
Brunei Darussalam,1995,0.791
Brunei Darussalam,1996,0.794
Brunei Darussalam,1997,0.797
Brunei Darussalam,1998,0.798
Brunei Darussalam,1999,0.804
Brunei Darussalam,2000,0.805
Brunei Darussalam,2001,0.806
Brunei Darussalam,2002,0.809
Brunei Darussalam,2003,0.815
Brunei Darussalam,2004,0.82
Brunei Darussalam,2005,0.824
Brunei Darussalam,2006,0.827
Brunei Darussalam,2007,0.827
Brunei Darussalam,2008,0.828
Brunei Darussalam,2009,0.831
Brunei Darussalam,2010,0.832
Brunei Darussalam,2011,0.836
Brunei Darussalam,2012,0.843
Brunei Darussalam,2013,0.844
Brunei Darussalam,2014,0.845
Brunei Darussalam,2015,0.843
Brunei Darussalam,2016,0.844
Brunei Darussalam,2017,0.843
Brunei Darussalam,2018,0.845
Bulgaria,1990,0.694
Bulgaria,1991,0.691
Bulgaria,1992,0.691
Bulgaria,1993,0.69
Bulgaria,1994,0.691
Bulgaria,1995,0.697
Bulgaria,1996,0.703
Bulgaria,1997,0.704
Bulgaria,1998,0.71
Bulgaria,1999,0.709
Bulgaria,2000,0.712
Bulgaria,2001,0.722
Bulgaria,2002,0.729
Bulgaria,2003,0.738
Bulgaria,2004,0.745
Bulgaria,2005,0.75
Bulgaria,2006,0.756
Bulgaria,2007,0.764
Bulgaria,2008,0.771
Bulgaria,2009,0.774
Bulgaria,2010,0.779
Bulgaria,2011,0.782
Bulgaria,2012,0.786
Bulgaria,2013,0.792
Bulgaria,2014,0.797
Bulgaria,2015,0.807
Bulgaria,2016,0.812
Bulgaria,2017,0.813
Bulgaria,2018,0.816
Burundi,1990,0.295
Burundi,1991,0.298
Burundi,1992,0.294
Burundi,1993,0.294
Burundi,1994,0.291
Burundi,1995,0.287
Burundi,1996,0.283
Burundi,1997,0.283
Burundi,1998,0.287
Burundi,1999,0.288
Burundi,2000,0.293
Burundi,2001,0.294
Burundi,2002,0.304
Burundi,2003,0.312
Burundi,2004,0.322
Burundi,2005,0.329
Burundi,2006,0.351
Burundi,2007,0.363
Burundi,2008,0.375
Burundi,2009,0.391
Burundi,2010,0.402
Burundi,2011,0.41
Burundi,2012,0.416
Burundi,2013,0.422
Burundi,2014,0.429
Burundi,2015,0.427
Burundi,2016,0.427
Burundi,2017,0.421
Burundi,2018,0.423
Cambodia,1990,0.384
Cambodia,1991,0.388
Cambodia,1992,0.393
Cambodia,1993,0.397
Cambodia,1994,0.374
Cambodia,1995,0.387
Cambodia,1996,0.391
Cambodia,1997,0.397
Cambodia,1998,0.402
Cambodia,1999,0.407
Cambodia,2000,0.419
Cambodia,2001,0.434
Cambodia,2002,0.453
Cambodia,2003,0.466
Cambodia,2004,0.478
Cambodia,2005,0.49
Cambodia,2006,0.502
Cambodia,2007,0.516
Cambodia,2008,0.521
Cambodia,2009,0.524
Cambodia,2010,0.535
Cambodia,2011,0.542
Cambodia,2012,0.548
Cambodia,2013,0.555
Cambodia,2014,0.561
Cambodia,2015,0.566
Cambodia,2016,0.572
Cambodia,2017,0.578
Cambodia,2018,0.581
Cameroon,1990,0.445
Cameroon,1991,0.442
Cameroon,1992,0.438
Cameroon,1993,0.432
Cameroon,1994,0.43
Cameroon,1995,0.429
Cameroon,1996,0.428
Cameroon,1997,0.429
Cameroon,1998,0.434
Cameroon,1999,0.434
Cameroon,2000,0.439
Cameroon,2001,0.455
Cameroon,2002,0.457
Cameroon,2003,0.463
Cameroon,2004,0.468
Cameroon,2005,0.469
Cameroon,2006,0.47
Cameroon,2007,0.481
Cameroon,2008,0.489
Cameroon,2009,0.497
Cameroon,2010,0.471
Cameroon,2011,0.513
Cameroon,2012,0.524
Cameroon,2013,0.531
Cameroon,2014,0.54
Cameroon,2015,0.548
Cameroon,2016,0.556
Cameroon,2017,0.56
Cameroon,2018,0.563
Canada,1990,0.85
Canada,1991,0.853
Canada,1992,0.856
Canada,1993,0.854
Canada,1994,0.859
Canada,1995,0.861
Canada,1996,0.863
Canada,1997,0.863
Canada,1998,0.861
Canada,1999,0.864
Canada,2000,0.868
Canada,2001,0.872
Canada,2002,0.877
Canada,2003,0.882
Canada,2004,0.887
Canada,2005,0.892
Canada,2006,0.895
Canada,2007,0.891
Canada,2008,0.893
Canada,2009,0.893
Canada,2010,0.895
Canada,2011,0.899
Canada,2012,0.906
Canada,2013,0.91
Canada,2014,0.914
Canada,2015,0.917
Canada,2016,0.92
Canada,2017,0.921
Canada,2018,0.922
Central African Republic,1990,0.32
Central African Republic,1991,0.314
Central African Republic,1992,0.299
Central African Republic,1993,0.299
Central African Republic,1994,0.3
Central African Republic,1995,0.304
Central African Republic,1996,0.301
Central African Republic,1997,0.304
Central African Republic,1998,0.306
Central African Republic,1999,0.308
Central African Republic,2000,0.307
Central African Republic,2001,0.311
Central African Republic,2002,0.314
Central African Republic,2003,0.314
Central African Republic,2004,0.319
Central African Republic,2005,0.323
Central African Republic,2006,0.328
Central African Republic,2007,0.334
Central African Republic,2008,0.339
Central African Republic,2009,0.346
Central African Republic,2010,0.355
Central African Republic,2011,0.363
Central African Republic,2012,0.37
Central African Republic,2013,0.351
Central African Republic,2014,0.355
Central African Republic,2015,0.362
Central African Republic,2016,0.372
Central African Republic,2017,0.376
Central African Republic,2018,0.381
Chile,1990,0.703
Chile,1991,0.712
Chile,1992,0.719
Chile,1993,0.712
Chile,1994,0.717
Chile,1995,0.725
Chile,1996,0.732
Chile,1997,0.739
Chile,1998,0.741
Chile,1999,0.747
Chile,2000,0.753
Chile,2001,0.764
Chile,2002,0.767
Chile,2003,0.773
Chile,2004,0.782
Chile,2005,0.788
Chile,2006,0.787
Chile,2007,0.801
Chile,2008,0.811
Chile,2009,0.819
Chile,2010,0.8
Chile,2011,0.812
Chile,2012,0.818
Chile,2013,0.83
Chile,2014,0.834
Chile,2015,0.839
Chile,2016,0.843
Chile,2017,0.845
Chile,2018,0.847
China,1990,0.501
China,1991,0.509
China,1992,0.52
China,1993,0.53
China,1994,0.537
China,1995,0.549
China,1996,0.558
China,1997,0.566
China,1998,0.574
China,1999,0.583
China,2000,0.591
China,2001,0.599
China,2002,0.61
China,2003,0.622
China,2004,0.631
China,2005,0.643
China,2006,0.657
China,2007,0.67
China,2008,0.681
China,2009,0.69
China,2010,0.702
China,2011,0.711
China,2012,0.719
China,2013,0.727
China,2014,0.735
China,2015,0.742
China,2016,0.749
China,2017,0.753
China,2018,0.758
Colombia,1990,0.6
Colombia,1991,0.603
Colombia,1992,0.613
Colombia,1993,0.621
Colombia,1994,0.628
Colombia,1995,0.633
Colombia,1996,0.643
Colombia,1997,0.651
Colombia,1998,0.658
Colombia,1999,0.658
Colombia,2000,0.662
Colombia,2001,0.664
Colombia,2002,0.667
Colombia,2003,0.666
Colombia,2004,0.68
Colombia,2005,0.693
Colombia,2006,0.7
Colombia,2007,0.713
Colombia,2008,0.72
Colombia,2009,0.724
Colombia,2010,0.729
Colombia,2011,0.735
Colombia,2012,0.736
Colombia,2013,0.746
Colombia,2014,0.75
Colombia,2015,0.753
Colombia,2016,0.759
Colombia,2017,0.76
Colombia,2018,0.761
Congo,1990,0.531
Congo,1991,0.53
Congo,1992,0.53
Congo,1993,0.524
Congo,1994,0.521
Congo,1995,0.505
Congo,1996,0.503
Congo,1997,0.506
Congo,1998,0.511
Congo,1999,0.5
Congo,2000,0.495
Congo,2001,0.501
Congo,2002,0.504
Congo,2003,0.504
Congo,2004,0.508
Congo,2005,0.506
Congo,2006,0.508
Congo,2007,0.523
Congo,2008,0.538
Congo,2009,0.55
Congo,2010,0.557
Congo,2011,0.559
Congo,2012,0.571
Congo,2013,0.581
Congo,2014,0.595
Congo,2015,0.614
Congo,2016,0.613
Congo,2017,0.609
Congo,2018,0.609
Congo (Democratic Republic of the),1990,0.377
Congo (Democratic Republic of the),1991,0.371
Congo (Democratic Republic of the),1992,0.369
Congo (Democratic Republic of the),1993,0.364
Congo (Democratic Republic of the),1994,0.334
Congo (Democratic Republic of the),1995,0.333
Congo (Democratic Republic of the),1996,0.337
Congo (Democratic Republic of the),1997,0.334
Congo (Democratic Republic of the),1998,0.334
Congo (Democratic Republic of the),1999,0.331
Congo (Democratic Republic of the),2000,0.333
Congo (Democratic Republic of the),2001,0.333
Congo (Democratic Republic of the),2002,0.34
Congo (Democratic Republic of the),2003,0.349
Congo (Democratic Republic of the),2004,0.357
Congo (Democratic Republic of the),2005,0.364
Congo (Democratic Republic of the),2006,0.372
Congo (Democratic Republic of the),2007,0.382
Congo (Democratic Republic of the),2008,0.393
Congo (Democratic Republic of the),2009,0.4
Congo (Democratic Republic of the),2010,0.416
Congo (Democratic Republic of the),2011,0.419
Congo (Democratic Republic of the),2012,0.423
Congo (Democratic Republic of the),2013,0.429
Congo (Democratic Republic of the),2014,0.441
Congo (Democratic Republic of the),2015,0.445
Congo (Democratic Republic of the),2016,0.453
Congo (Democratic Republic of the),2017,0.456
Congo (Democratic Republic of the),2018,0.459
Costa Rica,1990,0.655
Costa Rica,1991,0.661
Costa Rica,1992,0.67
Costa Rica,1993,0.676
Costa Rica,1994,0.682
Costa Rica,1995,0.687
Costa Rica,1996,0.69
Costa Rica,1997,0.696
Costa Rica,1998,0.702
Costa Rica,1999,0.706
Costa Rica,2000,0.711
Costa Rica,2001,0.714
Costa Rica,2002,0.717
Costa Rica,2003,0.72
Costa Rica,2004,0.724
Costa Rica,2005,0.728
Costa Rica,2006,0.734
Costa Rica,2007,0.742
Costa Rica,2008,0.75
Costa Rica,2009,0.751
Costa Rica,2010,0.754
Costa Rica,2011,0.768
Costa Rica,2012,0.774
Costa Rica,2013,0.777
Costa Rica,2014,0.785
Costa Rica,2015,0.786
Costa Rica,2016,0.789
Costa Rica,2017,0.792
Costa Rica,2018,0.794
Croatia,1990,0.67
Croatia,1991,0.665
Croatia,1992,0.665
Croatia,1993,0.667
Croatia,1994,0.681
Croatia,1995,0.696
Croatia,1996,0.708
Croatia,1997,0.72
Croatia,1998,0.731
Croatia,1999,0.74
Croatia,2000,0.749
Croatia,2001,0.761
Croatia,2002,0.767
Croatia,2003,0.773
Croatia,2004,0.779
Croatia,2005,0.785
Croatia,2006,0.794
Croatia,2007,0.801
Croatia,2008,0.805
Croatia,2009,0.804
Croatia,2010,0.811
Croatia,2011,0.817
Croatia,2012,0.82
Croatia,2013,0.825
Croatia,2014,0.827
Croatia,2015,0.83
Croatia,2016,0.832
Croatia,2017,0.835
Croatia,2018,0.837
Cuba,1990,0.676
Cuba,1991,0.67
Cuba,1992,0.663
Cuba,1993,0.656
Cuba,1994,0.652
Cuba,1995,0.654
Cuba,1996,0.665
Cuba,1997,0.669
Cuba,1998,0.672
Cuba,1999,0.679
Cuba,2000,0.686
Cuba,2001,0.692
Cuba,2002,0.693
Cuba,2003,0.704
Cuba,2004,0.718
Cuba,2005,0.73
Cuba,2006,0.752
Cuba,2007,0.768
Cuba,2008,0.778
Cuba,2009,0.78
Cuba,2010,0.776
Cuba,2011,0.775
Cuba,2012,0.764
Cuba,2013,0.762
Cuba,2014,0.764
Cuba,2015,0.768
Cuba,2016,0.771
Cuba,2017,0.777
Cuba,2018,0.778
Cyprus,1990,0.731
Cyprus,1991,0.733
Cyprus,1992,0.738
Cyprus,1993,0.775
Cyprus,1994,0.779
Cyprus,1995,0.783
Cyprus,1996,0.786
Cyprus,1997,0.789
Cyprus,1998,0.797
Cyprus,1999,0.797
Cyprus,2000,0.799
Cyprus,2001,0.805
Cyprus,2002,0.814
Cyprus,2003,0.822
Cyprus,2004,0.826
Cyprus,2005,0.83
Cyprus,2006,0.836
Cyprus,2007,0.844
Cyprus,2008,0.852
Cyprus,2009,0.854
Cyprus,2010,0.85
Cyprus,2011,0.853
Cyprus,2012,0.852
Cyprus,2013,0.854
Cyprus,2014,0.856
Cyprus,2015,0.864
Cyprus,2016,0.869
Cyprus,2017,0.871
Cyprus,2018,0.873
Czechia,1990,0.73
Czechia,1991,0.726
Czechia,1992,0.728
Czechia,1993,0.735
Czechia,1994,0.744
Czechia,1995,0.753
Czechia,1996,0.767
Czechia,1997,0.774
Czechia,1998,0.775
Czechia,1999,0.784
Czechia,2000,0.796
Czechia,2001,0.806
Czechia,2002,0.813
Czechia,2003,0.822
Czechia,2004,0.825
Czechia,2005,0.835
Czechia,2006,0.843
Czechia,2007,0.85
Czechia,2008,0.854
Czechia,2009,0.857
Czechia,2010,0.862
Czechia,2011,0.865
Czechia,2012,0.865
Czechia,2013,0.874
Czechia,2014,0.879
Czechia,2015,0.882
Czechia,2016,0.885
Czechia,2017,0.888
Czechia,2018,0.891
Côte d'Ivoire,1990,0.391
Côte d'Ivoire,1991,0.393
Côte d'Ivoire,1992,0.393
Côte d'Ivoire,1993,0.393
Côte d'Ivoire,1994,0.395
Côte d'Ivoire,1995,0.397
Côte d'Ivoire,1996,0.401
Côte d'Ivoire,1997,0.403
Côte d'Ivoire,1998,0.403
Côte d'Ivoire,1999,0.408
Côte d'Ivoire,2000,0.407
Côte d'Ivoire,2001,0.408
Côte d'Ivoire,2002,0.409
Côte d'Ivoire,2003,0.411
Côte d'Ivoire,2004,0.417
Côte d'Ivoire,2005,0.425
Côte d'Ivoire,2006,0.43
Côte d'Ivoire,2007,0.435
Côte d'Ivoire,2008,0.441
Côte d'Ivoire,2009,0.448
Côte d'Ivoire,2010,0.454
Côte d'Ivoire,2011,0.457
Côte d'Ivoire,2012,0.467
Côte d'Ivoire,2013,0.475
Côte d'Ivoire,2014,0.478
Côte d'Ivoire,2015,0.494
Côte d'Ivoire,2016,0.508
Côte d'Ivoire,2017,0.512
Côte d'Ivoire,2018,0.516
Denmark,1990,0.799
Denmark,1991,0.804
Denmark,1992,0.809
Denmark,1993,0.815
Denmark,1994,0.824
Denmark,1995,0.831
Denmark,1996,0.837
Denmark,1997,0.843
Denmark,1998,0.849
Denmark,1999,0.861
Denmark,2000,0.863
Denmark,2001,0.876
Denmark,2002,0.883
Denmark,2003,0.894
Denmark,2004,0.898
Denmark,2005,0.903
Denmark,2006,0.905
Denmark,2007,0.904
Denmark,2008,0.909
Denmark,2009,0.906
Denmark,2010,0.91
Denmark,2011,0.922
Denmark,2012,0.924
Denmark,2013,0.926
Denmark,2014,0.928
Denmark,2015,0.926
Denmark,2016,0.928
Denmark,2017,0.929
Denmark,2018,0.93
Dominican Republic,1990,0.593
Dominican Republic,1991,0.597
Dominican Republic,1992,0.606
Dominican Republic,1993,0.613
Dominican Republic,1994,0.618
Dominican Republic,1995,0.624
Dominican Republic,1996,0.63
Dominican Republic,1997,0.637
Dominican Republic,1998,0.643
Dominican Republic,1999,0.648
Dominican Republic,2000,0.653
Dominican Republic,2001,0.657
Dominican Republic,2002,0.662
Dominican Republic,2003,0.663
Dominican Republic,2004,0.666
Dominican Republic,2005,0.675
Dominican Republic,2006,0.682
Dominican Republic,2007,0.689
Dominican Republic,2008,0.692
Dominican Republic,2009,0.694
Dominican Republic,2010,0.701
Dominican Republic,2011,0.704
Dominican Republic,2012,0.708
Dominican Republic,2013,0.712
Dominican Republic,2014,0.724
Dominican Republic,2015,0.733
Dominican Republic,2016,0.738
Dominican Republic,2017,0.741
Dominican Republic,2018,0.745
Ecuador,1990,0.642
Ecuador,1991,0.645
Ecuador,1992,0.649
Ecuador,1993,0.653
Ecuador,1994,0.657
Ecuador,1995,0.661
Ecuador,1996,0.663
Ecuador,1997,0.667
Ecuador,1998,0.67
Ecuador,1999,0.667
Ecuador,2000,0.669
Ecuador,2001,0.674
Ecuador,2002,0.679
Ecuador,2003,0.682
Ecuador,2004,0.687
Ecuador,2005,0.692
Ecuador,2006,0.695
Ecuador,2007,0.706
Ecuador,2008,0.711
Ecuador,2009,0.712
Ecuador,2010,0.716
Ecuador,2011,0.742
Ecuador,2012,0.74
Ecuador,2013,0.751
Ecuador,2014,0.75
Ecuador,2015,0.758
Ecuador,2016,0.756
Ecuador,2017,0.757
Ecuador,2018,0.758
Egypt,1990,0.546
Egypt,1991,0.551
Egypt,1992,0.557
Egypt,1993,0.563
Egypt,1994,0.569
Egypt,1995,0.576
Egypt,1996,0.584
Egypt,1997,0.591
Egypt,1998,0.592
Egypt,1999,0.605
Egypt,2000,0.611
Egypt,2001,0.616
Egypt,2002,0.621
Egypt,2003,0.623
Egypt,2004,0.629
Egypt,2005,0.635
Egypt,2006,0.643
Egypt,2007,0.651
Egypt,2008,0.659
Egypt,2009,0.66
Egypt,2010,0.666
Egypt,2011,0.669
Egypt,2012,0.676
Egypt,2013,0.681
Egypt,2014,0.683
Egypt,2015,0.69
Egypt,2016,0.695
Egypt,2017,0.696
Egypt,2018,0.7
El Salvador,1990,0.529
El Salvador,1991,0.533
El Salvador,1992,0.544
El Salvador,1993,0.555
El Salvador,1994,0.564
El Salvador,1995,0.573
El Salvador,1996,0.581
El Salvador,1997,0.59
El Salvador,1998,0.598
El Salvador,1999,0.6
El Salvador,2000,0.608
El Salvador,2001,0.612
El Salvador,2002,0.619
El Salvador,2003,0.625
El Salvador,2004,0.631
El Salvador,2005,0.637
El Salvador,2006,0.645
El Salvador,2007,0.644
El Salvador,2008,0.647
El Salvador,2009,0.647
El Salvador,2010,0.659
El Salvador,2011,0.656
El Salvador,2012,0.66
El Salvador,2013,0.662
El Salvador,2014,0.66
El Salvador,2015,0.66
El Salvador,2016,0.662
El Salvador,2017,0.665
El Salvador,2018,0.667
Estonia,1990,0.73
Estonia,1991,0.725
Estonia,1992,0.716
Estonia,1993,0.709
Estonia,1994,0.713
Estonia,1995,0.724
Estonia,1996,0.734
Estonia,1997,0.747
Estonia,1998,0.759
Estonia,1999,0.766
Estonia,2000,0.78
Estonia,2001,0.79
Estonia,2002,0.799
Estonia,2003,0.806
Estonia,2004,0.814
Estonia,2005,0.825
Estonia,2006,0.832
Estonia,2007,0.839
Estonia,2008,0.841
Estonia,2009,0.838
Estonia,2010,0.844
Estonia,2011,0.853
Estonia,2012,0.859
Estonia,2013,0.863
Estonia,2014,0.865
Estonia,2015,0.871
Estonia,2016,0.875
Estonia,2017,0.879
Estonia,2018,0.882
Eswatini (Kingdom of),1990,0.545
Eswatini (Kingdom of),1991,0.546
Eswatini (Kingdom of),1992,0.543
Eswatini (Kingdom of),1993,0.538
Eswatini (Kingdom of),1994,0.531
Eswatini (Kingdom of),1995,0.526
Eswatini (Kingdom of),1996,0.519
Eswatini (Kingdom of),1997,0.507
Eswatini (Kingdom of),1998,0.493
Eswatini (Kingdom of),1999,0.483
Eswatini (Kingdom of),2000,0.468
Eswatini (Kingdom of),2001,0.457
Eswatini (Kingdom of),2002,0.445
Eswatini (Kingdom of),2003,0.44
Eswatini (Kingdom of),2004,0.448
Eswatini (Kingdom of),2005,0.459
Eswatini (Kingdom of),2006,0.472
Eswatini (Kingdom of),2007,0.482
Eswatini (Kingdom of),2008,0.491
Eswatini (Kingdom of),2009,0.501
Eswatini (Kingdom of),2010,0.513
Eswatini (Kingdom of),2011,0.528
Eswatini (Kingdom of),2012,0.542
Eswatini (Kingdom of),2013,0.558
Eswatini (Kingdom of),2014,0.573
Eswatini (Kingdom of),2015,0.585
Eswatini (Kingdom of),2016,0.596
Eswatini (Kingdom of),2017,0.603
Eswatini (Kingdom of),2018,0.608
Fiji,1990,0.64
Fiji,1991,0.645
Fiji,1992,0.651
Fiji,1993,0.655
Fiji,1994,0.66
Fiji,1995,0.666
Fiji,1996,0.668
Fiji,1997,0.667
Fiji,1998,0.667
Fiji,1999,0.672
Fiji,2000,0.675
Fiji,2001,0.675
Fiji,2002,0.678
Fiji,2003,0.679
Fiji,2004,0.685
Fiji,2005,0.687
Fiji,2006,0.687
Fiji,2007,0.691
Fiji,2008,0.691
Fiji,2009,0.694
Fiji,2010,0.694
Fiji,2011,0.698
Fiji,2012,0.702
Fiji,2013,0.707
Fiji,2014,0.712
Fiji,2015,0.718
Fiji,2016,0.718
Fiji,2017,0.721
Fiji,2018,0.724
Finland,1990,0.784
Finland,1991,0.787
Finland,1992,0.795
Finland,1993,0.799
Finland,1994,0.809
Finland,1995,0.816
Finland,1996,0.823
Finland,1997,0.832
Finland,1998,0.84
Finland,1999,0.848
Finland,2000,0.858
Finland,2001,0.864
Finland,2002,0.867
Finland,2003,0.87
Finland,2004,0.891
Finland,2005,0.895
Finland,2006,0.899
Finland,2007,0.901
Finland,2008,0.904
Finland,2009,0.899
Finland,2010,0.903
Finland,2011,0.907
Finland,2012,0.908
Finland,2013,0.916
Finland,2014,0.918
Finland,2015,0.919
Finland,2016,0.922
Finland,2017,0.924
Finland,2018,0.925
France,1990,0.78
France,1991,0.79
France,1992,0.798
France,1993,0.804
France,1994,0.818
France,1995,0.825
France,1996,0.83
France,1997,0.834
France,1998,0.839
France,1999,0.844
France,2000,0.842
France,2001,0.845
France,2002,0.845
France,2003,0.848
France,2004,0.852
France,2005,0.86
France,2006,0.865
France,2007,0.867
France,2008,0.869
France,2009,0.869
France,2010,0.872
France,2011,0.876
France,2012,0.878
France,2013,0.882
France,2014,0.887
France,2015,0.888
France,2016,0.887
France,2017,0.89
France,2018,0.891
Gabon,1990,0.619
Gabon,1991,0.623
Gabon,1992,0.623
Gabon,1993,0.625
Gabon,1994,0.628
Gabon,1995,0.63
Gabon,1996,0.632
Gabon,1997,0.633
Gabon,1998,0.636
Gabon,1999,0.631
Gabon,2000,0.627
Gabon,2001,0.63
Gabon,2002,0.632
Gabon,2003,0.633
Gabon,2004,0.632
Gabon,2005,0.638
Gabon,2006,0.638
Gabon,2007,0.643
Gabon,2008,0.645
Gabon,2009,0.653
Gabon,2010,0.658
Gabon,2011,0.663
Gabon,2012,0.672
Gabon,2013,0.679
Gabon,2014,0.688
Gabon,2015,0.692
Gabon,2016,0.696
Gabon,2017,0.7
Gabon,2018,0.702
Gambia,1990,0.328
Gambia,1991,0.335
Gambia,1992,0.339
Gambia,1993,0.343
Gambia,1994,0.346
Gambia,1995,0.35
Gambia,1996,0.356
Gambia,1997,0.362
Gambia,1998,0.368
Gambia,1999,0.376
Gambia,2000,0.382
Gambia,2001,0.389
Gambia,2002,0.392
Gambia,2003,0.4
Gambia,2004,0.409
Gambia,2005,0.413
Gambia,2006,0.418
Gambia,2007,0.424
Gambia,2008,0.431
Gambia,2009,0.434
Gambia,2010,0.437
Gambia,2011,0.435
Gambia,2012,0.441
Gambia,2013,0.448
Gambia,2014,0.449
Gambia,2015,0.454
Gambia,2016,0.456
Gambia,2017,0.459
Gambia,2018,0.466
Germany,1990,0.801
Germany,1991,0.809
Germany,1992,0.814
Germany,1993,0.824
Germany,1994,0.829
Germany,1995,0.834
Germany,1996,0.839
Germany,1997,0.844
Germany,1998,0.853
Germany,1999,0.861
Germany,2000,0.869
Germany,2001,0.876
Germany,2002,0.883
Germany,2003,0.889
Germany,2004,0.899
Germany,2005,0.9
Germany,2006,0.91
Germany,2007,0.914
Germany,2008,0.916
Germany,2009,0.916
Germany,2010,0.92
Germany,2011,0.925
Germany,2012,0.927
Germany,2013,0.927
Germany,2014,0.93
Germany,2015,0.933
Germany,2016,0.936
Germany,2017,0.938
Germany,2018,0.939
Ghana,1990,0.454
Ghana,1991,0.459
Ghana,1992,0.463
Ghana,1993,0.467
Ghana,1994,0.469
Ghana,1995,0.472
Ghana,1996,0.473
Ghana,1997,0.475
Ghana,1998,0.476
Ghana,1999,0.478
Ghana,2000,0.483
Ghana,2001,0.482
Ghana,2002,0.487
Ghana,2003,0.489
Ghana,2004,0.497
Ghana,2005,0.508
Ghana,2006,0.518
Ghana,2007,0.529
Ghana,2008,0.542
Ghana,2009,0.547
Ghana,2010,0.554
Ghana,2011,0.563
Ghana,2012,0.57
Ghana,2013,0.578
Ghana,2014,0.577
Ghana,2015,0.585
Ghana,2016,0.587
Ghana,2017,0.591
Ghana,2018,0.596
Greece,1990,0.753
Greece,1991,0.763
Greece,1992,0.764
Greece,1993,0.762
Greece,1994,0.766
Greece,1995,0.768
Greece,1996,0.772
Greece,1997,0.777
Greece,1998,0.787
Greece,1999,0.789
Greece,2000,0.796
Greece,2001,0.806
Greece,2002,0.818
Greece,2003,0.825
Greece,2004,0.835
Greece,2005,0.845
Greece,2006,0.851
Greece,2007,0.849
Greece,2008,0.857
Greece,2009,0.859
Greece,2010,0.857
Greece,2011,0.853
Greece,2012,0.856
Greece,2013,0.858
Greece,2014,0.866
Greece,2015,0.868
Greece,2016,0.866
Greece,2017,0.871
Greece,2018,0.872
Guatemala,1990,0.477
Guatemala,1991,0.484
Guatemala,1992,0.489
Guatemala,1993,0.495
Guatemala,1994,0.5
Guatemala,1995,0.507
Guatemala,1996,0.515
Guatemala,1997,0.523
Guatemala,1998,0.531
Guatemala,1999,0.539
Guatemala,2000,0.546
Guatemala,2001,0.553
Guatemala,2002,0.56
Guatemala,2003,0.564
Guatemala,2004,0.567
Guatemala,2005,0.571
Guatemala,2006,0.579
Guatemala,2007,0.588
Guatemala,2008,0.594
Guatemala,2009,0.597
Guatemala,2010,0.602
Guatemala,2011,0.607
Guatemala,2012,0.613
Guatemala,2013,0.616
Guatemala,2014,0.643
Guatemala,2015,0.647
Guatemala,2016,0.648
Guatemala,2017,0.649
Guatemala,2018,0.651
Guinea,1990,0.278
Guinea,1991,0.283
Guinea,1992,0.288
Guinea,1993,0.293
Guinea,1994,0.297
Guinea,1995,0.302
Guinea,1996,0.306
Guinea,1997,0.314
Guinea,1998,0.321
Guinea,1999,0.328
Guinea,2000,0.335
Guinea,2001,0.341
Guinea,2002,0.351
Guinea,2003,0.338
Guinea,2004,0.363
Guinea,2005,0.373
Guinea,2006,0.384
Guinea,2007,0.393
Guinea,2008,0.4
Guinea,2009,0.4
Guinea,2010,0.408
Guinea,2011,0.421
Guinea,2012,0.431
Guinea,2013,0.439
Guinea,2014,0.446
Guinea,2015,0.449
Guinea,2016,0.456
Guinea,2017,0.463
Guinea,2018,0.466
Guyana,1990,0.537
Guyana,1991,0.533
Guyana,1992,0.548
Guyana,1993,0.561
Guyana,1994,0.571
Guyana,1995,0.578
Guyana,1996,0.589
Guyana,1997,0.594
Guyana,1998,0.597
Guyana,1999,0.601
Guyana,2000,0.606
Guyana,2001,0.609
Guyana,2002,0.612
Guyana,2003,0.609
Guyana,2004,0.614
Guyana,2005,0.619
Guyana,2006,0.624
Guyana,2007,0.627
Guyana,2008,0.63
Guyana,2009,0.633
Guyana,2010,0.639
Guyana,2011,0.648
Guyana,2012,0.652
Guyana,2013,0.656
Guyana,2014,0.66
Guyana,2015,0.663
Guyana,2016,0.666
Guyana,2017,0.668
Guyana,2018,0.67
Haiti,1990,0.412
Haiti,1991,0.416
Haiti,1992,0.416
Haiti,1993,0.416
Haiti,1994,0.413
Haiti,1995,0.421
Haiti,1996,0.426
Haiti,1997,0.43
Haiti,1998,0.433
Haiti,1999,0.437
Haiti,2000,0.44
Haiti,2001,0.442
Haiti,2002,0.444
Haiti,2003,0.447
Haiti,2004,0.448
Haiti,2005,0.451
Haiti,2006,0.456
Haiti,2007,0.46
Haiti,2008,0.463
Haiti,2009,0.468
Haiti,2010,0.467
Haiti,2011,0.474
Haiti,2012,0.478
Haiti,2013,0.483
Haiti,2014,0.488
Haiti,2015,0.492
Haiti,2016,0.497
Haiti,2017,0.501
Haiti,2018,0.503
Honduras,1990,0.508
Honduras,1991,0.507
Honduras,1992,0.513
Honduras,1993,0.519
Honduras,1994,0.523
Honduras,1995,0.529
Honduras,1996,0.534
Honduras,1997,0.54
Honduras,1998,0.545
Honduras,1999,0.548
Honduras,2000,0.555
Honduras,2001,0.559
Honduras,2002,0.564
Honduras,2003,0.569
Honduras,2004,0.575
Honduras,2005,0.581
Honduras,2006,0.587
Honduras,2007,0.595
Honduras,2008,0.591
Honduras,2009,0.593
Honduras,2010,0.598
Honduras,2011,0.601
Honduras,2012,0.6
Honduras,2013,0.603
Honduras,2014,0.606
Honduras,2015,0.613
Honduras,2016,0.618
Honduras,2017,0.621
Honduras,2018,0.623
"Hong Kong, China (SAR)",1990,0.781
"Hong Kong, China (SAR)",1991,0.786
"Hong Kong, China (SAR)",1992,0.791
"Hong Kong, China (SAR)",1993,0.799
"Hong Kong, China (SAR)",1994,0.804
"Hong Kong, China (SAR)",1995,0.808
"Hong Kong, China (SAR)",1996,0.811
"Hong Kong, China (SAR)",1997,0.816
"Hong Kong, China (SAR)",1998,0.817
"Hong Kong, China (SAR)",1999,0.821
"Hong Kong, China (SAR)",2000,0.827
"Hong Kong, China (SAR)",2001,0.835
"Hong Kong, China (SAR)",2002,0.842
"Hong Kong, China (SAR)",2003,0.851
"Hong Kong, China (SAR)",2004,0.862
"Hong Kong, China (SAR)",2005,0.871
"Hong Kong, China (SAR)",2006,0.883
"Hong Kong, China (SAR)",2007,0.887
"Hong Kong, China (SAR)",2008,0.896
"Hong Kong, China (SAR)",2009,0.898
"Hong Kong, China (SAR)",2010,0.901
"Hong Kong, China (SAR)",2011,0.904
"Hong Kong, China (SAR)",2012,0.911
"Hong Kong, China (SAR)",2013,0.916
"Hong Kong, China (SAR)",2014,0.924
"Hong Kong, China (SAR)",2015,0.927
"Hong Kong, China (SAR)",2016,0.931
"Hong Kong, China (SAR)",2017,0.937
"Hong Kong, China (SAR)",2018,0.939
Hungary,1990,0.704
Hungary,1991,0.702
Hungary,1992,0.706
Hungary,1993,0.72
Hungary,1994,0.733
Hungary,1995,0.741
Hungary,1996,0.746
Hungary,1997,0.747
Hungary,1998,0.754
Hungary,1999,0.761
Hungary,2000,0.769
Hungary,2001,0.777
Hungary,2002,0.784
Hungary,2003,0.793
Hungary,2004,0.795
Hungary,2005,0.802
Hungary,2006,0.811
Hungary,2007,0.814
Hungary,2008,0.818
Hungary,2009,0.823
Hungary,2010,0.826
Hungary,2011,0.823
Hungary,2012,0.826
Hungary,2013,0.835
Hungary,2014,0.833
Hungary,2015,0.835
Hungary,2016,0.838
Hungary,2017,0.841
Hungary,2018,0.845
Iceland,1990,0.804
Iceland,1991,0.817
Iceland,1992,0.82
Iceland,1993,0.821
Iceland,1994,0.826
Iceland,1995,0.829
Iceland,1996,0.834
Iceland,1997,0.841
Iceland,1998,0.851
Iceland,1999,0.855
Iceland,2000,0.861
Iceland,2001,0.867
Iceland,2002,0.876
Iceland,2003,0.882
Iceland,2004,0.886
Iceland,2005,0.891
Iceland,2006,0.893
Iceland,2007,0.899
Iceland,2008,0.892
Iceland,2009,0.891
Iceland,2010,0.892
Iceland,2011,0.901
Iceland,2012,0.908
Iceland,2013,0.92
Iceland,2014,0.924
Iceland,2015,0.927
Iceland,2016,0.932
Iceland,2017,0.935
Iceland,2018,0.938
India,1990,0.431
India,1991,0.436
India,1992,0.442
India,1993,0.449
India,1994,0.456
India,1995,0.463
India,1996,0.471
India,1997,0.477
India,1998,0.484
India,1999,0.492
India,2000,0.497
India,2001,0.502
India,2002,0.508
India,2003,0.521
India,2004,0.53
India,2005,0.539
India,2006,0.548
India,2007,0.558
India,2008,0.565
India,2009,0.571
India,2010,0.581
India,2011,0.59
India,2012,0.6
India,2013,0.607
India,2014,0.618
India,2015,0.627
India,2016,0.637
India,2017,0.643
India,2018,0.647
Indonesia,1990,0.525
Indonesia,1991,0.53
Indonesia,1992,0.535
Indonesia,1993,0.541
Indonesia,1994,0.551
Indonesia,1995,0.56
Indonesia,1996,0.574
Indonesia,1997,0.587
Indonesia,1998,0.587
Indonesia,1999,0.595
Indonesia,2000,0.604
Indonesia,2001,0.61
Indonesia,2002,0.616
Indonesia,2003,0.623
Indonesia,2004,0.629
Indonesia,2005,0.633
Indonesia,2006,0.643
Indonesia,2007,0.644
Indonesia,2008,0.648
Indonesia,2009,0.659
Indonesia,2010,0.666
Indonesia,2011,0.674
Indonesia,2012,0.682
Indonesia,2013,0.688
Indonesia,2014,0.691
Indonesia,2015,0.696
Indonesia,2016,0.7
Indonesia,2017,0.704
Indonesia,2018,0.707
Iran (Islamic Republic of),1990,0.577
Iran (Islamic Republic of),1991,0.594
Iran (Islamic Republic of),1992,0.608
Iran (Islamic Republic of),1993,0.619
Iran (Islamic Republic of),1994,0.629
Iran (Islamic Republic of),1995,0.64
Iran (Islamic Republic of),1996,0.647
Iran (Islamic Republic of),1997,0.653
Iran (Islamic Republic of),1998,0.659
Iran (Islamic Republic of),1999,0.664
Iran (Islamic Republic of),2000,0.671
Iran (Islamic Republic of),2001,0.678
Iran (Islamic Republic of),2002,0.683
Iran (Islamic Republic of),2003,0.69
Iran (Islamic Republic of),2004,0.691
Iran (Islamic Republic of),2005,0.696
Iran (Islamic Republic of),2006,0.732
Iran (Islamic Republic of),2007,0.736
Iran (Islamic Republic of),2008,0.741
Iran (Islamic Republic of),2009,0.747
Iran (Islamic Republic of),2010,0.756
Iran (Islamic Republic of),2011,0.767
Iran (Islamic Republic of),2012,0.782
Iran (Islamic Republic of),2013,0.785
Iran (Islamic Republic of),2014,0.788
Iran (Islamic Republic of),2015,0.789
Iran (Islamic Republic of),2016,0.799
Iran (Islamic Republic of),2017,0.799
Iran (Islamic Republic of),2018,0.797
Iraq,1990,0.574
Iraq,1991,0.532
Iraq,1992,0.548
Iraq,1993,0.563
Iraq,1994,0.566
Iraq,1995,0.569
Iraq,1996,0.575
Iraq,1997,0.583
Iraq,1998,0.597
Iraq,1999,0.604
Iraq,2000,0.608
Iraq,2001,0.615
Iraq,2002,0.616
Iraq,2003,0.604
Iraq,2004,0.628
Iraq,2005,0.632
Iraq,2006,0.637
Iraq,2007,0.639
Iraq,2008,0.646
Iraq,2009,0.648
Iraq,2010,0.652
Iraq,2011,0.658
Iraq,2012,0.662
Iraq,2013,0.662
Iraq,2014,0.662
Iraq,2015,0.665
Iraq,2016,0.672
Iraq,2017,0.684
Iraq,2018,0.689
Ireland,1990,0.764
Ireland,1991,0.767
Ireland,1992,0.772
Ireland,1993,0.781
Ireland,1994,0.789
Ireland,1995,0.795
Ireland,1996,0.801
Ireland,1997,0.809
Ireland,1998,0.841
Ireland,1999,0.849
Ireland,2000,0.857
Ireland,2001,0.863
Ireland,2002,0.871
Ireland,2003,0.879
Ireland,2004,0.888
Ireland,2005,0.893
Ireland,2006,0.895
Ireland,2007,0.899
Ireland,2008,0.9
Ireland,2009,0.896
Ireland,2010,0.89
Ireland,2011,0.894
Ireland,2012,0.899
Ireland,2013,0.908
Ireland,2014,0.92
Ireland,2015,0.926
Ireland,2016,0.936
Ireland,2017,0.939
Ireland,2018,0.942
Israel,1990,0.792
Israel,1991,0.8
Israel,1992,0.807
Israel,1993,0.813
Israel,1994,0.818
Israel,1995,0.824
Israel,1996,0.828
Israel,1997,0.836
Israel,1998,0.843
Israel,1999,0.85
Israel,2000,0.853
Israel,2001,0.857
Israel,2002,0.865
Israel,2003,0.865
Israel,2004,0.867
Israel,2005,0.871
Israel,2006,0.872
Israel,2007,0.881
Israel,2008,0.88
Israel,2009,0.882
Israel,2010,0.887
Israel,2011,0.892
Israel,2012,0.893
Israel,2013,0.895
Israel,2014,0.9
Israel,2015,0.901
Israel,2016,0.902
Israel,2017,0.904
Israel,2018,0.906
Italy,1990,0.769
Italy,1991,0.774
Italy,1992,0.78
Italy,1993,0.786
Italy,1994,0.794
Italy,1995,0.8
Italy,1996,0.806
Italy,1997,0.814
Italy,1998,0.819
Italy,1999,0.824
Italy,2000,0.83
Italy,2001,0.837
Italy,2002,0.842
Italy,2003,0.847
Italy,2004,0.852
Italy,2005,0.857
Italy,2006,0.862
Italy,2007,0.866
Italy,2008,0.868
Italy,2009,0.868
Italy,2010,0.871
Italy,2011,0.875
Italy,2012,0.874
Italy,2013,0.873
Italy,2014,0.874
Italy,2015,0.875
Italy,2016,0.878
Italy,2017,0.881
Italy,2018,0.883
Jamaica,1990,0.641
Jamaica,1991,0.646
Jamaica,1992,0.65
Jamaica,1993,0.66
Jamaica,1994,0.662
Jamaica,1995,0.665
Jamaica,1996,0.668
Jamaica,1997,0.669
Jamaica,1998,0.67
Jamaica,1999,0.672
Jamaica,2000,0.669
Jamaica,2001,0.68
Jamaica,2002,0.683
Jamaica,2003,0.678
Jamaica,2004,0.695
Jamaica,2005,0.698
Jamaica,2006,0.702
Jamaica,2007,0.71
Jamaica,2008,0.728
Jamaica,2009,0.724
Jamaica,2010,0.723
Jamaica,2011,0.723
Jamaica,2012,0.722
Jamaica,2013,0.72
Jamaica,2014,0.72
Jamaica,2015,0.722
Jamaica,2016,0.722
Jamaica,2017,0.725
Jamaica,2018,0.726
Japan,1990,0.816
Japan,1991,0.821
Japan,1992,0.824
Japan,1993,0.829
Japan,1994,0.835
Japan,1995,0.84
Japan,1996,0.845
Japan,1997,0.848
Japan,1998,0.847
Japan,1999,0.85
Japan,2000,0.855
Japan,2001,0.859
Japan,2002,0.862
Japan,2003,0.865
Japan,2004,0.869
Japan,2005,0.873
Japan,2006,0.877
Japan,2007,0.88
Japan,2008,0.881
Japan,2009,0.88
Japan,2010,0.885
Japan,2011,0.89
Japan,2012,0.895
Japan,2013,0.9
Japan,2014,0.904
Japan,2015,0.906
Japan,2016,0.91
Japan,2017,0.913
Japan,2018,0.915
Jordan,1990,0.616
Jordan,1991,0.627
Jordan,1992,0.648
Jordan,1993,0.659
Jordan,1994,0.669
Jordan,1995,0.683
Jordan,1996,0.685
Jordan,1997,0.689
Jordan,1998,0.693
Jordan,1999,0.696
Jordan,2000,0.702
Jordan,2001,0.708
Jordan,2002,0.706
Jordan,2003,0.711
Jordan,2004,0.717
Jordan,2005,0.729
Jordan,2006,0.732
Jordan,2007,0.735
Jordan,2008,0.736
Jordan,2009,0.734
Jordan,2010,0.728
Jordan,2011,0.725
Jordan,2012,0.726
Jordan,2013,0.72
Jordan,2014,0.72
Jordan,2015,0.721
Jordan,2016,0.722
Jordan,2017,0.722
Jordan,2018,0.723
Kazakhstan,1990,0.69
Kazakhstan,1991,0.684
Kazakhstan,1992,0.681
Kazakhstan,1993,0.675
Kazakhstan,1994,0.667
Kazakhstan,1995,0.664
Kazakhstan,1996,0.666
Kazakhstan,1997,0.669
Kazakhstan,1998,0.672
Kazakhstan,1999,0.676
Kazakhstan,2000,0.685
Kazakhstan,2001,0.7
Kazakhstan,2002,0.713
Kazakhstan,2003,0.725
Kazakhstan,2004,0.737
Kazakhstan,2005,0.747
Kazakhstan,2006,0.754
Kazakhstan,2007,0.758
Kazakhstan,2008,0.758
Kazakhstan,2009,0.762
Kazakhstan,2010,0.764
Kazakhstan,2011,0.772
Kazakhstan,2012,0.782
Kazakhstan,2013,0.791
Kazakhstan,2014,0.798
Kazakhstan,2015,0.806
Kazakhstan,2016,0.808
Kazakhstan,2017,0.813
Kazakhstan,2018,0.817
Kenya,1990,0.467
Kenya,1991,0.465
Kenya,1992,0.461
Kenya,1993,0.456
Kenya,1994,0.454
Kenya,1995,0.453
Kenya,1996,0.452
Kenya,1997,0.449
Kenya,1998,0.448
Kenya,1999,0.447
Kenya,2000,0.446
Kenya,2001,0.45
Kenya,2002,0.45
Kenya,2003,0.462
Kenya,2004,0.475
Kenya,2005,0.484
Kenya,2006,0.499
Kenya,2007,0.507
Kenya,2008,0.515
Kenya,2009,0.524
Kenya,2010,0.533
Kenya,2011,0.54
Kenya,2012,0.545
Kenya,2013,0.551
Kenya,2014,0.556
Kenya,2015,0.562
Kenya,2016,0.568
Kenya,2017,0.574
Kenya,2018,0.579
Korea (Republic of),1990,0.728
Korea (Republic of),1991,0.739
Korea (Republic of),1992,0.746
Korea (Republic of),1993,0.756
Korea (Republic of),1994,0.767
Korea (Republic of),1995,0.778
Korea (Republic of),1996,0.789
Korea (Republic of),1997,0.8
Korea (Republic of),1998,0.797
Korea (Republic of),1999,0.808
Korea (Republic of),2000,0.817
Korea (Republic of),2001,0.824
Korea (Republic of),2002,0.832
Korea (Republic of),2003,0.839
Korea (Republic of),2004,0.847
Korea (Republic of),2005,0.855
Korea (Republic of),2006,0.862
Korea (Republic of),2007,0.869
Korea (Republic of),2008,0.874
Korea (Republic of),2009,0.871
Korea (Republic of),2010,0.882
Korea (Republic of),2011,0.888
Korea (Republic of),2012,0.89
Korea (Republic of),2013,0.893
Korea (Republic of),2014,0.896
Korea (Republic of),2015,0.899
Korea (Republic of),2016,0.901
Korea (Republic of),2017,0.904
Korea (Republic of),2018,0.906
Kuwait,1990,0.712
Kuwait,1991,0.673
Kuwait,1992,0.666
Kuwait,1993,0.695
Kuwait,1994,0.722
Kuwait,1995,0.748
Kuwait,1996,0.772
Kuwait,1997,0.775
Kuwait,1998,0.781
Kuwait,1999,0.786
Kuwait,2000,0.786
Kuwait,2001,0.785
Kuwait,2002,0.788
Kuwait,2003,0.791
Kuwait,2004,0.789
Kuwait,2005,0.783
Kuwait,2006,0.788
Kuwait,2007,0.789
Kuwait,2008,0.79
Kuwait,2009,0.792
Kuwait,2010,0.794
Kuwait,2011,0.796
Kuwait,2012,0.8
Kuwait,2013,0.798
Kuwait,2014,0.8
Kuwait,2015,0.807
Kuwait,2016,0.809
Kuwait,2017,0.809
Kuwait,2018,0.808
Kyrgyzstan,1990,0.618
Kyrgyzstan,1991,0.611
Kyrgyzstan,1992,0.601
Kyrgyzstan,1993,0.588
Kyrgyzstan,1994,0.569
Kyrgyzstan,1995,0.563
Kyrgyzstan,1996,0.568
Kyrgyzstan,1997,0.576
Kyrgyzstan,1998,0.58
Kyrgyzstan,1999,0.587
Kyrgyzstan,2000,0.594
Kyrgyzstan,2001,0.602
Kyrgyzstan,2002,0.604
Kyrgyzstan,2003,0.611
Kyrgyzstan,2004,0.615
Kyrgyzstan,2005,0.616
Kyrgyzstan,2006,0.621
Kyrgyzstan,2007,0.628
Kyrgyzstan,2008,0.631
Kyrgyzstan,2009,0.635
Kyrgyzstan,2010,0.636
Kyrgyzstan,2011,0.639
Kyrgyzstan,2012,0.649
Kyrgyzstan,2013,0.658
Kyrgyzstan,2014,0.663
Kyrgyzstan,2015,0.666
Kyrgyzstan,2016,0.669
Kyrgyzstan,2017,0.671
Kyrgyzstan,2018,0.674
Lao People's Democratic Republic,1990,0.399
Lao People's Democratic Republic,1991,0.404
Lao People's Democratic Republic,1992,0.41
Lao People's Democratic Republic,1993,0.415
Lao People's Democratic Republic,1994,0.425
Lao People's Democratic Republic,1995,0.427
Lao People's Democratic Republic,1996,0.44
Lao People's Democratic Republic,1997,0.447
Lao People's Democratic Republic,1998,0.454
Lao People's Democratic Republic,1999,0.462
Lao People's Democratic Republic,2000,0.466
Lao People's Democratic Republic,2001,0.471
Lao People's Democratic Republic,2002,0.48
Lao People's Democratic Republic,2003,0.488
Lao People's Democratic Republic,2004,0.496
Lao People's Democratic Republic,2005,0.505
Lao People's Democratic Republic,2006,0.511
Lao People's Democratic Republic,2007,0.521
Lao People's Democratic Republic,2008,0.528
Lao People's Democratic Republic,2009,0.539
Lao People's Democratic Republic,2010,0.546
Lao People's Democratic Republic,2011,0.558
Lao People's Democratic Republic,2012,0.569
Lao People's Democratic Republic,2013,0.579
Lao People's Democratic Republic,2014,0.586
Lao People's Democratic Republic,2015,0.594
Lao People's Democratic Republic,2016,0.598
Lao People's Democratic Republic,2017,0.602
Lao People's Democratic Republic,2018,0.604
Latvia,1990,0.698
Latvia,1991,0.693
Latvia,1992,0.671
Latvia,1993,0.661
Latvia,1994,0.661
Latvia,1995,0.673
Latvia,1996,0.68
Latvia,1997,0.692
Latvia,1998,0.705
Latvia,1999,0.716
Latvia,2000,0.728
Latvia,2001,0.745
Latvia,2002,0.76
Latvia,2003,0.774
Latvia,2004,0.788
Latvia,2005,0.802
Latvia,2006,0.809
Latvia,2007,0.818
Latvia,2008,0.821
Latvia,2009,0.819
Latvia,2010,0.817
Latvia,2011,0.822
Latvia,2012,0.825
Latvia,2013,0.834
Latvia,2014,0.836
Latvia,2015,0.842
Latvia,2016,0.845
Latvia,2017,0.849
Latvia,2018,0.854
Lesotho,1990,0.488
Lesotho,1991,0.487
Lesotho,1992,0.485
Lesotho,1993,0.478
Lesotho,1994,0.479
Lesotho,1995,0.475
Lesotho,1996,0.47
Lesotho,1997,0.463
Lesotho,1998,0.453
Lesotho,1999,0.445
Lesotho,2000,0.444
Lesotho,2001,0.445
Lesotho,2002,0.44
Lesotho,2003,0.438
Lesotho,2004,0.433
Lesotho,2005,0.43
Lesotho,2006,0.431
Lesotho,2007,0.441
Lesotho,2008,0.446
Lesotho,2009,0.455
Lesotho,2010,0.461
Lesotho,2011,0.47
Lesotho,2012,0.48
Lesotho,2013,0.486
Lesotho,2014,0.493
Lesotho,2015,0.499
Lesotho,2016,0.507
Lesotho,2017,0.514
Lesotho,2018,0.518
Libya,1990,0.676
Libya,1991,0.688
Libya,1992,0.692
Libya,1993,0.695
Libya,1994,0.7
Libya,1995,0.704
Libya,1996,0.709
Libya,1997,0.716
Libya,1998,0.719
Libya,1999,0.723
Libya,2000,0.728
Libya,2001,0.733
Libya,2002,0.737
Libya,2003,0.745
Libya,2004,0.745
Libya,2005,0.749
Libya,2006,0.753
Libya,2007,0.754
Libya,2008,0.759
Libya,2009,0.757
Libya,2010,0.757
Libya,2011,0.708
Libya,2012,0.742
Libya,2013,0.707
Libya,2014,0.693
Libya,2015,0.691
Libya,2016,0.69
Libya,2017,0.704
Libya,2018,0.708
Lithuania,1990,0.732
Lithuania,1991,0.728
Lithuania,1992,0.713
Lithuania,1993,0.701
Lithuania,1994,0.697
Lithuania,1995,0.703
Lithuania,1996,0.712
Lithuania,1997,0.724
Lithuania,1998,0.736
Lithuania,1999,0.744
Lithuania,2000,0.755
Lithuania,2001,0.767
Lithuania,2002,0.778
Lithuania,2003,0.79
Lithuania,2004,0.798
Lithuania,2005,0.81
Lithuania,2006,0.819
Lithuania,2007,0.826
Lithuania,2008,0.831
Lithuania,2009,0.821
Lithuania,2010,0.824
Lithuania,2011,0.831
Lithuania,2012,0.835
Lithuania,2013,0.84
Lithuania,2014,0.852
Lithuania,2015,0.855
Lithuania,2016,0.86
Lithuania,2017,0.866
Lithuania,2018,0.869
Luxembourg,1990,0.791
Luxembourg,1991,0.798
Luxembourg,1992,0.803
Luxembourg,1993,0.808
Luxembourg,1994,0.812
Luxembourg,1995,0.817
Luxembourg,1996,0.826
Luxembourg,1997,0.835
Luxembourg,1998,0.843
Luxembourg,1999,0.856
Luxembourg,2000,0.86
Luxembourg,2001,0.865
Luxembourg,2002,0.869
Luxembourg,2003,0.87
Luxembourg,2004,0.876
Luxembourg,2005,0.88
Luxembourg,2006,0.884
Luxembourg,2007,0.888
Luxembourg,2008,0.89
Luxembourg,2009,0.885
Luxembourg,2010,0.893
Luxembourg,2011,0.892
Luxembourg,2012,0.892
Luxembourg,2013,0.892
Luxembourg,2014,0.895
Luxembourg,2015,0.899
Luxembourg,2016,0.904
Luxembourg,2017,0.908
Luxembourg,2018,0.909
Malawi,1990,0.303
Malawi,1991,0.31
Malawi,1992,0.319
Malawi,1993,0.327
Malawi,1994,0.323
Malawi,1995,0.363
Malawi,1996,0.366
Malawi,1997,0.367
Malawi,1998,0.368
Malawi,1999,0.368
Malawi,2000,0.362
Malawi,2001,0.362
Malawi,2002,0.363
Malawi,2003,0.367
Malawi,2004,0.368
Malawi,2005,0.373
Malawi,2006,0.383
Malawi,2007,0.394
Malawi,2008,0.411
Malawi,2009,0.426
Malawi,2010,0.437
Malawi,2011,0.447
Malawi,2012,0.452
Malawi,2013,0.463
Malawi,2014,0.472
Malawi,2015,0.475
Malawi,2016,0.478
Malawi,2017,0.482
Malawi,2018,0.485
Malaysia,1990,0.644
Malaysia,1991,0.652
Malaysia,1992,0.661
Malaysia,1993,0.668
Malaysia,1994,0.676
Malaysia,1995,0.683
Malaysia,1996,0.695
Malaysia,1997,0.706
Malaysia,1998,0.709
Malaysia,1999,0.715
Malaysia,2000,0.724
Malaysia,2001,0.722
Malaysia,2002,0.724
Malaysia,2003,0.731
Malaysia,2004,0.734
Malaysia,2005,0.732
Malaysia,2006,0.738
Malaysia,2007,0.751
Malaysia,2008,0.762
Malaysia,2009,0.766
Malaysia,2010,0.773
Malaysia,2011,0.779
Malaysia,2012,0.782
Malaysia,2013,0.787
Malaysia,2014,0.792
Malaysia,2015,0.797
Malaysia,2016,0.801
Malaysia,2017,0.802
Malaysia,2018,0.804
Mali,1990,0.231
Mali,1991,0.238
Mali,1992,0.243
Mali,1993,0.25
Mali,1994,0.256
Mali,1995,0.262
Mali,1996,0.271
Mali,1997,0.281
Mali,1998,0.291
Mali,1999,0.302
Mali,2000,0.308
Mali,2001,0.321
Mali,2002,0.33
Mali,2003,0.343
Mali,2004,0.352
Mali,2005,0.363
Mali,2006,0.372
Mali,2007,0.367
Mali,2008,0.39
Mali,2009,0.398
Mali,2010,0.403
Mali,2011,0.408
Mali,2012,0.408
Mali,2013,0.408
Mali,2014,0.414
Mali,2015,0.412
Mali,2016,0.42
Mali,2017,0.426
Mali,2018,0.427
Malta,1990,0.744
Malta,1991,0.749
Malta,1992,0.753
Malta,1993,0.757
Malta,1994,0.76
Malta,1995,0.764
Malta,1996,0.767
Malta,1997,0.772
Malta,1998,0.78
Malta,1999,0.785
Malta,2000,0.787
Malta,2001,0.793
Malta,2002,0.797
Malta,2003,0.804
Malta,2004,0.813
Malta,2005,0.828
Malta,2006,0.826
Malta,2007,0.831
Malta,2008,0.833
Malta,2009,0.835
Malta,2010,0.847
Malta,2011,0.848
Malta,2012,0.854
Malta,2013,0.861
Malta,2014,0.868
Malta,2015,0.877
Malta,2016,0.881
Malta,2017,0.883
Malta,2018,0.885
Mauritania,1990,0.378
Mauritania,1991,0.383
Mauritania,1992,0.391
Mauritania,1993,0.403
Mauritania,1994,0.415
Mauritania,1995,0.422
Mauritania,1996,0.431
Mauritania,1997,0.43
Mauritania,1998,0.438
Mauritania,1999,0.445
Mauritania,2000,0.446
Mauritania,2001,0.446
Mauritania,2002,0.451
Mauritania,2003,0.455
Mauritania,2004,0.465
Mauritania,2005,0.47
Mauritania,2006,0.479
Mauritania,2007,0.479
Mauritania,2008,0.48
Mauritania,2009,0.487
Mauritania,2010,0.49
Mauritania,2011,0.494
Mauritania,2012,0.503
Mauritania,2013,0.511
Mauritania,2014,0.518
Mauritania,2015,0.521
Mauritania,2016,0.519
Mauritania,2017,0.524
Mauritania,2018,0.527
Mauritius,1990,0.62
Mauritius,1991,0.627
Mauritius,1992,0.634
Mauritius,1993,0.639
Mauritius,1994,0.644
Mauritius,1995,0.649
Mauritius,1996,0.653
Mauritius,1997,0.657
Mauritius,1998,0.663
Mauritius,1999,0.668
Mauritius,2000,0.674
Mauritius,2001,0.683
Mauritius,2002,0.688
Mauritius,2003,0.697
Mauritius,2004,0.705
Mauritius,2005,0.713
Mauritius,2006,0.72
Mauritius,2007,0.728
Mauritius,2008,0.734
Mauritius,2009,0.742
Mauritius,2010,0.748
Mauritius,2011,0.756
Mauritius,2012,0.768
Mauritius,2013,0.775
Mauritius,2014,0.786
Mauritius,2015,0.786
Mauritius,2016,0.79
Mauritius,2017,0.793
Mauritius,2018,0.796
Mexico,1990,0.652
Mexico,1991,0.655
Mexico,1992,0.66
Mexico,1993,0.664
Mexico,1994,0.67
Mexico,1995,0.672
Mexico,1996,0.679
Mexico,1997,0.685
Mexico,1998,0.693
Mexico,1999,0.698
Mexico,2000,0.705
Mexico,2001,0.708
Mexico,2002,0.714
Mexico,2003,0.72
Mexico,2004,0.726
Mexico,2005,0.729
Mexico,2006,0.737
Mexico,2007,0.738
Mexico,2008,0.74
Mexico,2009,0.739
Mexico,2010,0.739
Mexico,2011,0.746
Mexico,2012,0.752
Mexico,2013,0.75
Mexico,2014,0.754
Mexico,2015,0.759
Mexico,2016,0.764
Mexico,2017,0.765
Mexico,2018,0.767
Moldova (Republic of),1990,0.653
Moldova (Republic of),1991,0.642
Moldova (Republic of),1992,0.622
Moldova (Republic of),1993,0.62
Moldova (Republic of),1994,0.598
Moldova (Republic of),1995,0.605
Moldova (Republic of),1996,0.602
Moldova (Republic of),1997,0.604
Moldova (Republic of),1998,0.604
Moldova (Republic of),1999,0.607
Moldova (Republic of),2000,0.609
Moldova (Republic of),2001,0.618
Moldova (Republic of),2002,0.628
Moldova (Republic of),2003,0.641
Moldova (Republic of),2004,0.651
Moldova (Republic of),2005,0.658
Moldova (Republic of),2006,0.667
Moldova (Republic of),2007,0.672
Moldova (Republic of),2008,0.677
Moldova (Republic of),2009,0.673
Moldova (Republic of),2010,0.681
Moldova (Republic of),2011,0.687
Moldova (Republic of),2012,0.693
Moldova (Republic of),2013,0.702
Moldova (Republic of),2014,0.705
Moldova (Republic of),2015,0.703
Moldova (Republic of),2016,0.705
Moldova (Republic of),2017,0.709
Moldova (Republic of),2018,0.711
Mongolia,1990,0.583
Mongolia,1991,0.575
Mongolia,1992,0.561
Mongolia,1993,0.547
Mongolia,1994,0.549
Mongolia,1995,0.553
Mongolia,1996,0.56
Mongolia,1997,0.566
Mongolia,1998,0.574
Mongolia,1999,0.581
Mongolia,2000,0.589
Mongolia,2001,0.6
Mongolia,2002,0.609
Mongolia,2003,0.622
Mongolia,2004,0.636
Mongolia,2005,0.649
Mongolia,2006,0.66
Mongolia,2007,0.671
Mongolia,2008,0.682
Mongolia,2009,0.688
Mongolia,2010,0.697
Mongolia,2011,0.711
Mongolia,2012,0.719
Mongolia,2013,0.728
Mongolia,2014,0.733
Mongolia,2015,0.736
Mongolia,2016,0.73
Mongolia,2017,0.729
Mongolia,2018,0.735
Morocco,1990,0.458
Morocco,1991,0.464
Morocco,1992,0.468
Morocco,1993,0.474
Morocco,1994,0.485
Morocco,1995,0.489
Morocco,1996,0.499
Morocco,1997,0.503
Morocco,1998,0.511
Morocco,1999,0.52
Morocco,2000,0.531
Morocco,2001,0.542
Morocco,2002,0.553
Morocco,2003,0.564
Morocco,2004,0.573
Morocco,2005,0.581
Morocco,2006,0.588
Morocco,2007,0.596
Morocco,2008,0.603
Morocco,2009,0.609
Morocco,2010,0.618
Morocco,2011,0.627
Morocco,2012,0.636
Morocco,2013,0.646
Morocco,2014,0.653
Morocco,2015,0.66
Morocco,2016,0.669
Morocco,2017,0.675
Morocco,2018,0.676
Mozambique,1990,0.217
Mozambique,1991,0.22
Mozambique,1992,0.215
Mozambique,1993,0.221
Mozambique,1994,0.228
Mozambique,1995,0.235
Mozambique,1996,0.258
Mozambique,1997,0.271
Mozambique,1998,0.283
Mozambique,1999,0.294
Mozambique,2000,0.301
Mozambique,2001,0.314
Mozambique,2002,0.32
Mozambique,2003,0.334
Mozambique,2004,0.343
Mozambique,2005,0.354
Mozambique,2006,0.361
Mozambique,2007,0.372
Mozambique,2008,0.381
Mozambique,2009,0.389
Mozambique,2010,0.396
Mozambique,2011,0.391
Mozambique,2012,0.398
Mozambique,2013,0.412
Mozambique,2014,0.42
Mozambique,2015,0.428
Mozambique,2016,0.435
Mozambique,2017,0.442
Mozambique,2018,0.446
Myanmar,1990,0.35
Myanmar,1991,0.357
Myanmar,1992,0.371
Myanmar,1993,0.377
Myanmar,1994,0.384
Myanmar,1995,0.388
Myanmar,1996,0.394
Myanmar,1997,0.4
Myanmar,1998,0.405
Myanmar,1999,0.414
Myanmar,2000,0.424
Myanmar,2001,0.432
Myanmar,2002,0.441
Myanmar,2003,0.451
Myanmar,2004,0.46
Myanmar,2005,0.47
Myanmar,2006,0.479
Myanmar,2007,0.49
Myanmar,2008,0.501
Myanmar,2009,0.512
Myanmar,2010,0.523
Myanmar,2011,0.534
Myanmar,2012,0.541
Myanmar,2013,0.551
Myanmar,2014,0.558
Myanmar,2015,0.565
Myanmar,2016,0.571
Myanmar,2017,0.577
Myanmar,2018,0.584
Namibia,1990,0.579
Namibia,1991,0.582
Namibia,1992,0.586
Namibia,1993,0.586
Namibia,1994,0.586
Namibia,1995,0.581
Namibia,1996,0.571
Namibia,1997,0.563
Namibia,1998,0.556
Namibia,1999,0.546
Namibia,2000,0.543
Namibia,2001,0.542
Namibia,2002,0.54
Namibia,2003,0.542
Namibia,2004,0.544
Namibia,2005,0.544
Namibia,2006,0.55
Namibia,2007,0.558
Namibia,2008,0.566
Namibia,2009,0.575
Namibia,2010,0.588
Namibia,2011,0.601
Namibia,2012,0.612
Namibia,2013,0.622
Namibia,2014,0.631
Namibia,2015,0.637
Namibia,2016,0.639
Namibia,2017,0.643
Namibia,2018,0.645
Nepal,1990,0.38
Nepal,1991,0.388
Nepal,1992,0.395
Nepal,1993,0.4
Nepal,1994,0.407
Nepal,1995,0.411
Nepal,1996,0.421
Nepal,1997,0.427
Nepal,1998,0.432
Nepal,1999,0.439
Nepal,2000,0.446
Nepal,2001,0.446
Nepal,2002,0.456
Nepal,2003,0.461
Nepal,2004,0.468
Nepal,2005,0.474
Nepal,2006,0.484
Nepal,2007,0.49
Nepal,2008,0.5
Nepal,2009,0.513
Nepal,2010,0.527
Nepal,2011,0.534
Nepal,2012,0.548
Nepal,2013,0.555
Nepal,2014,0.562
Nepal,2015,0.568
Nepal,2016,0.572
Nepal,2017,0.574
Nepal,2018,0.579
Netherlands,1990,0.83
Netherlands,1991,0.834
Netherlands,1992,0.835
Netherlands,1993,0.84
Netherlands,1994,0.864
Netherlands,1995,0.862
Netherlands,1996,0.866
Netherlands,1997,0.866
Netherlands,1998,0.868
Netherlands,1999,0.871
Netherlands,2000,0.876
Netherlands,2001,0.88
Netherlands,2002,0.879
Netherlands,2003,0.883
Netherlands,2004,0.886
Netherlands,2005,0.891
Netherlands,2006,0.897
Netherlands,2007,0.904
Netherlands,2008,0.906
Netherlands,2009,0.906
Netherlands,2010,0.911
Netherlands,2011,0.922
Netherlands,2012,0.921
Netherlands,2013,0.924
Netherlands,2014,0.925
Netherlands,2015,0.927
Netherlands,2016,0.929
Netherlands,2017,0.932
Netherlands,2018,0.934
New Zealand,1990,0.82
New Zealand,1991,0.821
New Zealand,1992,0.826
New Zealand,1993,0.838
New Zealand,1994,0.847
New Zealand,1995,0.853
New Zealand,1996,0.856
New Zealand,1997,0.861
New Zealand,1998,0.864
New Zealand,1999,0.865
New Zealand,2000,0.87
New Zealand,2001,0.874
New Zealand,2002,0.882
New Zealand,2003,0.885
New Zealand,2004,0.887
New Zealand,2005,0.889
New Zealand,2006,0.892
New Zealand,2007,0.894
New Zealand,2008,0.895
New Zealand,2009,0.898
New Zealand,2010,0.899
New Zealand,2011,0.902
New Zealand,2012,0.905
New Zealand,2013,0.907
New Zealand,2014,0.91
New Zealand,2015,0.914
New Zealand,2016,0.917
New Zealand,2017,0.92
New Zealand,2018,0.921
Nicaragua,1990,0.494
Nicaragua,1991,0.491
Nicaragua,1992,0.493
Nicaragua,1993,0.499
Nicaragua,1994,0.513
Nicaragua,1995,0.523
Nicaragua,1996,0.533
Nicaragua,1997,0.542
Nicaragua,1998,0.551
Nicaragua,1999,0.56
Nicaragua,2000,0.568
Nicaragua,2001,0.575
Nicaragua,2002,0.581
Nicaragua,2003,0.584
Nicaragua,2004,0.589
Nicaragua,2005,0.593
Nicaragua,2006,0.596
Nicaragua,2007,0.602
Nicaragua,2008,0.607
Nicaragua,2009,0.608
Nicaragua,2010,0.614
Nicaragua,2011,0.619
Nicaragua,2012,0.625
Nicaragua,2013,0.63
Nicaragua,2014,0.64
Nicaragua,2015,0.644
Nicaragua,2016,0.649
Nicaragua,2017,0.653
Nicaragua,2018,0.651
Niger,1990,0.213
Niger,1991,0.217
Niger,1992,0.217
Niger,1993,0.221
Niger,1994,0.226
Niger,1995,0.23
Niger,1996,0.236
Niger,1997,0.24
Niger,1998,0.248
Niger,1999,0.251
Niger,2000,0.253
Niger,2001,0.259
Niger,2002,0.263
Niger,2003,0.268
Niger,2004,0.276
Niger,2005,0.283
Niger,2006,0.29
Niger,2007,0.295
Niger,2008,0.304
Niger,2009,0.309
Niger,2010,0.319
Niger,2011,0.326
Niger,2012,0.338
Niger,2013,0.345
Niger,2014,0.353
Niger,2015,0.36
Niger,2016,0.365
Niger,2017,0.373
Niger,2018,0.377
Norway,1990,0.85
Norway,1991,0.856
Norway,1992,0.862
Norway,1993,0.87
Norway,1994,0.885
Norway,1995,0.883
Norway,1996,0.888
Norway,1997,0.894
Norway,1998,0.906
Norway,1999,0.911
Norway,2000,0.917
Norway,2001,0.916
Norway,2002,0.918
Norway,2003,0.924
Norway,2004,0.934
Norway,2005,0.932
Norway,2006,0.936
Norway,2007,0.938
Norway,2008,0.938
Norway,2009,0.938
Norway,2010,0.942
Norway,2011,0.943
Norway,2012,0.942
Norway,2013,0.946
Norway,2014,0.945
Norway,2015,0.948
Norway,2016,0.951
Norway,2017,0.953
Norway,2018,0.954
Pakistan,1990,0.404
Pakistan,1991,0.409
Pakistan,1992,0.415
Pakistan,1993,0.418
Pakistan,1994,0.423
Pakistan,1995,0.428
Pakistan,1996,0.433
Pakistan,1997,0.436
Pakistan,1998,0.44
Pakistan,1999,0.445
Pakistan,2000,0.449
Pakistan,2001,0.456
Pakistan,2002,0.464
Pakistan,2003,0.472
Pakistan,2004,0.486
Pakistan,2005,0.499
Pakistan,2006,0.503
Pakistan,2007,0.511
Pakistan,2008,0.513
Pakistan,2009,0.52
Pakistan,2010,0.524
Pakistan,2011,0.528
Pakistan,2012,0.533
Pakistan,2013,0.537
Pakistan,2014,0.546
Pakistan,2015,0.55
Pakistan,2016,0.556
Pakistan,2017,0.558
Pakistan,2018,0.56
Panama,1990,0.659
Panama,1991,0.665
Panama,1992,0.673
Panama,1993,0.68
Panama,1994,0.684
Panama,1995,0.688
Panama,1996,0.694
Panama,1997,0.7
Panama,1998,0.708
Panama,1999,0.713
Panama,2000,0.719
Panama,2001,0.722
Panama,2002,0.728
Panama,2003,0.73
Panama,2004,0.735
Panama,2005,0.739
Panama,2006,0.744
Panama,2007,0.751
Panama,2008,0.755
Panama,2009,0.756
Panama,2010,0.758
Panama,2011,0.764
Panama,2012,0.77
Panama,2013,0.775
Panama,2014,0.779
Panama,2015,0.782
Panama,2016,0.789
Panama,2017,0.793
Panama,2018,0.795
Papua New Guinea,1990,0.377
Papua New Guinea,1991,0.386
Papua New Guinea,1992,0.393
Papua New Guinea,1993,0.404
Papua New Guinea,1994,0.405
Papua New Guinea,1995,0.414
Papua New Guinea,1996,0.421
Papua New Guinea,1997,0.425
Papua New Guinea,1998,0.428
Papua New Guinea,1999,0.431
Papua New Guinea,2000,0.436
Papua New Guinea,2001,0.441
Papua New Guinea,2002,0.446
Papua New Guinea,2003,0.45
Papua New Guinea,2004,0.459
Papua New Guinea,2005,0.468
Papua New Guinea,2006,0.473
Papua New Guinea,2007,0.486
Papua New Guinea,2008,0.49
Papua New Guinea,2009,0.5
Papua New Guinea,2010,0.51
Papua New Guinea,2011,0.517
Papua New Guinea,2012,0.508
Papua New Guinea,2013,0.521
Papua New Guinea,2014,0.531
Papua New Guinea,2015,0.539
Papua New Guinea,2016,0.541
Papua New Guinea,2017,0.543
Papua New Guinea,2018,0.543
Paraguay,1990,0.588
Paraguay,1991,0.593
Paraguay,1992,0.597
Paraguay,1993,0.607
Paraguay,1994,0.615
Paraguay,1995,0.622
Paraguay,1996,0.629
Paraguay,1997,0.633
Paraguay,1998,0.638
Paraguay,1999,0.641
Paraguay,2000,0.64
Paraguay,2001,0.648
Paraguay,2002,0.658
Paraguay,2003,0.657
Paraguay,2004,0.664
Paraguay,2005,0.667
Paraguay,2006,0.666
Paraguay,2007,0.671
Paraguay,2008,0.68
Paraguay,2009,0.678
Paraguay,2010,0.692
Paraguay,2011,0.697
Paraguay,2012,0.697
Paraguay,2013,0.709
Paraguay,2014,0.712
Paraguay,2015,0.718
Paraguay,2016,0.718
Paraguay,2017,0.722
Paraguay,2018,0.724
Peru,1990,0.613
Peru,1991,0.619
Peru,1992,0.62
Peru,1993,0.625
Peru,1994,0.636
Peru,1995,0.646
Peru,1996,0.651
Peru,1997,0.657
Peru,1998,0.667
Peru,1999,0.677
Peru,2000,0.679
Peru,2001,0.688
Peru,2002,0.688
Peru,2003,0.687
Peru,2004,0.694
Peru,2005,0.7
Peru,2006,0.697
Peru,2007,0.705
Peru,2008,0.715
Peru,2009,0.718
Peru,2010,0.721
Peru,2011,0.734
Peru,2012,0.734
Peru,2013,0.742
Peru,2014,0.752
Peru,2015,0.75
Peru,2016,0.755
Peru,2017,0.756
Peru,2018,0.759
Philippines,1990,0.59
Philippines,1991,0.593
Philippines,1992,0.596
Philippines,1993,0.599
Philippines,1994,0.603
Philippines,1995,0.607
Philippines,1996,0.615
Philippines,1997,0.619
Philippines,1998,0.623
Philippines,1999,0.627
Philippines,2000,0.631
Philippines,2001,0.634
Philippines,2002,0.639
Philippines,2003,0.643
Philippines,2004,0.653
Philippines,2005,0.656
Philippines,2006,0.657
Philippines,2007,0.663
Philippines,2008,0.667
Philippines,2009,0.666
Philippines,2010,0.672
Philippines,2011,0.677
Philippines,2012,0.684
Philippines,2013,0.692
Philippines,2014,0.697
Philippines,2015,0.702
Philippines,2016,0.704
Philippines,2017,0.709
Philippines,2018,0.712
Poland,1990,0.712
Poland,1991,0.711
Poland,1992,0.714
Poland,1993,0.725
Poland,1994,0.734
Poland,1995,0.74
Poland,1996,0.748
Poland,1997,0.759
Poland,1998,0.769
Poland,1999,0.778
Poland,2000,0.785
Poland,2001,0.791
Poland,2002,0.799
Poland,2003,0.804
Poland,2004,0.802
Poland,2005,0.808
Poland,2006,0.813
Poland,2007,0.819
Poland,2008,0.824
Poland,2009,0.828
Poland,2010,0.835
Poland,2011,0.84
Poland,2012,0.836
Poland,2013,0.851
Poland,2014,0.853
Poland,2015,0.858
Poland,2016,0.864
Poland,2017,0.868
Poland,2018,0.872
Portugal,1990,0.711
Portugal,1991,0.72
Portugal,1992,0.732
Portugal,1993,0.746
Portugal,1994,0.753
Portugal,1995,0.76
Portugal,1996,0.767
Portugal,1997,0.773
Portugal,1998,0.78
Portugal,1999,0.779
Portugal,2000,0.785
Portugal,2001,0.79
Portugal,2002,0.792
Portugal,2003,0.796
Portugal,2004,0.797
Portugal,2005,0.8
Portugal,2006,0.803
Portugal,2007,0.81
Portugal,2008,0.814
Portugal,2009,0.817
Portugal,2010,0.822
Portugal,2011,0.827
Portugal,2012,0.829
Portugal,2013,0.837
Portugal,2014,0.84
Portugal,2015,0.843
Portugal,2016,0.846
Portugal,2017,0.848
Portugal,2018,0.85
Qatar,1990,0.757
Qatar,1991,0.754
Qatar,1992,0.757
Qatar,1993,0.768
Qatar,1994,0.78
Qatar,1995,0.789
Qatar,1996,0.801
Qatar,1997,0.806
Qatar,1998,0.81
Qatar,1999,0.814
Qatar,2000,0.816
Qatar,2001,0.817
Qatar,2002,0.822
Qatar,2003,0.83
Qatar,2004,0.832
Qatar,2005,0.838
Qatar,2006,0.835
Qatar,2007,0.838
Qatar,2008,0.843
Qatar,2009,0.841
Qatar,2010,0.834
Qatar,2011,0.845
Qatar,2012,0.85
Qatar,2013,0.857
Qatar,2014,0.854
Qatar,2015,0.851
Qatar,2016,0.847
Qatar,2017,0.848
Qatar,2018,0.848
Romania,1990,0.701
Romania,1991,0.686
Romania,1992,0.679
Romania,1993,0.678
Romania,1994,0.681
Romania,1995,0.687
Romania,1996,0.695
Romania,1997,0.695
Romania,1998,0.697
Romania,1999,0.703
Romania,2000,0.709
Romania,2001,0.715
Romania,2002,0.724
Romania,2003,0.732
Romania,2004,0.745
Romania,2005,0.755
Romania,2006,0.766
Romania,2007,0.78
Romania,2008,0.795
Romania,2009,0.798
Romania,2010,0.797
Romania,2011,0.798
Romania,2012,0.796
Romania,2013,0.8
Romania,2014,0.803
Romania,2015,0.806
Romania,2016,0.808
Romania,2017,0.813
Romania,2018,0.816
Russian Federation,1990,0.734
Russian Federation,1991,0.729
Russian Federation,1992,0.719
Russian Federation,1993,0.711
Russian Federation,1994,0.702
Russian Federation,1995,0.701
Russian Federation,1996,0.702
Russian Federation,1997,0.704
Russian Federation,1998,0.703
Russian Federation,1999,0.71
Russian Federation,2000,0.721
Russian Federation,2001,0.727
Russian Federation,2002,0.733
Russian Federation,2003,0.74
Russian Federation,2004,0.746
Russian Federation,2005,0.752
Russian Federation,2006,0.759
Russian Federation,2007,0.767
Russian Federation,2008,0.774
Russian Federation,2009,0.771
Russian Federation,2010,0.78
Russian Federation,2011,0.789
Russian Federation,2012,0.797
Russian Federation,2013,0.803
Russian Federation,2014,0.807
Russian Federation,2015,0.813
Russian Federation,2016,0.817
Russian Federation,2017,0.822
Russian Federation,2018,0.824
Rwanda,1990,0.245
Rwanda,1991,0.218
Rwanda,1992,0.2
Rwanda,1993,0.195
Rwanda,1994,0.189
Rwanda,1995,0.228
Rwanda,1996,0.26
Rwanda,1997,0.288
Rwanda,1998,0.303
Rwanda,1999,0.322
Rwanda,2000,0.337
Rwanda,2001,0.346
Rwanda,2002,0.361
Rwanda,2003,0.374
Rwanda,2004,0.391
Rwanda,2005,0.409
Rwanda,2006,0.43
Rwanda,2007,0.446
Rwanda,2008,0.456
Rwanda,2009,0.472
Rwanda,2010,0.488
Rwanda,2011,0.496
Rwanda,2012,0.504
Rwanda,2013,0.506
Rwanda,2014,0.513
Rwanda,2015,0.515
Rwanda,2016,0.525
Rwanda,2017,0.529
Rwanda,2018,0.536
Samoa,1990,0.621
Samoa,1991,0.622
Samoa,1992,0.622
Samoa,1993,0.627
Samoa,1994,0.606
Samoa,1995,0.611
Samoa,1996,0.619
Samoa,1997,0.621
Samoa,1998,0.628
Samoa,1999,0.633
Samoa,2000,0.638
Samoa,2001,0.645
Samoa,2002,0.653
Samoa,2003,0.658
Samoa,2004,0.666
Samoa,2005,0.67
Samoa,2006,0.673
Samoa,2007,0.679
Samoa,2008,0.681
Samoa,2009,0.683
Samoa,2010,0.69
Samoa,2011,0.695
Samoa,2012,0.696
Samoa,2013,0.696
Samoa,2014,0.698
Samoa,2015,0.699
Samoa,2016,0.704
Samoa,2017,0.706
Samoa,2018,0.707
Sao Tome and Principe,1990,0.437
Sao Tome and Principe,1991,0.438
Sao Tome and Principe,1992,0.441
Sao Tome and Principe,1993,0.444
Sao Tome and Principe,1994,0.449
Sao Tome and Principe,1995,0.452
Sao Tome and Principe,1996,0.458
Sao Tome and Principe,1997,0.462
Sao Tome and Principe,1998,0.467
Sao Tome and Principe,1999,0.474
Sao Tome and Principe,2000,0.48
Sao Tome and Principe,2001,0.489
Sao Tome and Principe,2002,0.494
Sao Tome and Principe,2003,0.502
Sao Tome and Principe,2004,0.509
Sao Tome and Principe,2005,0.517
Sao Tome and Principe,2006,0.526
Sao Tome and Principe,2007,0.531
Sao Tome and Principe,2008,0.532
Sao Tome and Principe,2009,0.541
Sao Tome and Principe,2010,0.546
Sao Tome and Principe,2011,0.553
Sao Tome and Principe,2012,0.558
Sao Tome and Principe,2013,0.568
Sao Tome and Principe,2014,0.577
Sao Tome and Principe,2015,0.59
Sao Tome and Principe,2016,0.593
Sao Tome and Principe,2017,0.603
Sao Tome and Principe,2018,0.609
Saudi Arabia,1990,0.698
Saudi Arabia,1991,0.706
Saudi Arabia,1992,0.711
Saudi Arabia,1993,0.715
Saudi Arabia,1994,0.719
Saudi Arabia,1995,0.723
Saudi Arabia,1996,0.728
Saudi Arabia,1997,0.732
Saudi Arabia,1998,0.737
Saudi Arabia,1999,0.739
Saudi Arabia,2000,0.744
Saudi Arabia,2001,0.747
Saudi Arabia,2002,0.749
Saudi Arabia,2003,0.756
Saudi Arabia,2004,0.765
Saudi Arabia,2005,0.771
Saudi Arabia,2006,0.778
Saudi Arabia,2007,0.784
Saudi Arabia,2008,0.793
Saudi Arabia,2009,0.797
Saudi Arabia,2010,0.81
Saudi Arabia,2011,0.824
Saudi Arabia,2012,0.837
Saudi Arabia,2013,0.846
Saudi Arabia,2014,0.853
Saudi Arabia,2015,0.857
Saudi Arabia,2016,0.857
Saudi Arabia,2017,0.856
Saudi Arabia,2018,0.857
Senegal,1990,0.377
Senegal,1991,0.377
Senegal,1992,0.378
Senegal,1993,0.377
Senegal,1994,0.377
Senegal,1995,0.378
Senegal,1996,0.379
Senegal,1997,0.38
Senegal,1998,0.383
Senegal,1999,0.385
Senegal,2000,0.39
Senegal,2001,0.406
Senegal,2002,0.41
Senegal,2003,0.418
Senegal,2004,0.426
Senegal,2005,0.434
Senegal,2006,0.439
Senegal,2007,0.448
Senegal,2008,0.458
Senegal,2009,0.462
Senegal,2010,0.468
Senegal,2011,0.479
Senegal,2012,0.489
Senegal,2013,0.494
Senegal,2014,0.501
Senegal,2015,0.504
Senegal,2016,0.506
Senegal,2017,0.51
Senegal,2018,0.514
Serbia,1990,0.706
Serbia,1991,0.703
Serbia,1992,0.688
Serbia,1993,0.685
Serbia,1994,0.689
Serbia,1995,0.695
Serbia,1996,0.698
Serbia,1997,0.705
Serbia,1998,0.708
Serbia,1999,0.703
Serbia,2000,0.71
Serbia,2001,0.716
Serbia,2002,0.72
Serbia,2003,0.726
Serbia,2004,0.734
Serbia,2005,0.742
Serbia,2006,0.75
Serbia,2007,0.754
Serbia,2008,0.76
Serbia,2009,0.762
Serbia,2010,0.762
Serbia,2011,0.772
Serbia,2012,0.772
Serbia,2013,0.775
Serbia,2014,0.78
Serbia,2015,0.785
Serbia,2016,0.791
Serbia,2017,0.794
Serbia,2018,0.799
Sierra Leone,1990,0.27
Sierra Leone,1991,0.267
Sierra Leone,1992,0.26
Sierra Leone,1993,0.266
Sierra Leone,1994,0.265
Sierra Leone,1995,0.268
Sierra Leone,1996,0.275
Sierra Leone,1997,0.278
Sierra Leone,1998,0.283
Sierra Leone,1999,0.289
Sierra Leone,2000,0.298
Sierra Leone,2001,0.302
Sierra Leone,2002,0.319
Sierra Leone,2003,0.329
Sierra Leone,2004,0.338
Sierra Leone,2005,0.346
Sierra Leone,2006,0.354
Sierra Leone,2007,0.368
Sierra Leone,2008,0.378
Sierra Leone,2009,0.386
Sierra Leone,2010,0.391
Sierra Leone,2011,0.398
Sierra Leone,2012,0.413
Sierra Leone,2013,0.426
Sierra Leone,2014,0.43
Sierra Leone,2015,0.422
Sierra Leone,2016,0.423
Sierra Leone,2017,0.435
Sierra Leone,2018,0.438
Singapore,1990,0.718
Singapore,1991,0.728
Singapore,1992,0.739
Singapore,1993,0.75
Singapore,1994,0.762
Singapore,1995,0.771
Singapore,1996,0.78
Singapore,1997,0.791
Singapore,1998,0.796
Singapore,1999,0.807
Singapore,2000,0.818
Singapore,2001,0.822
Singapore,2002,0.83
Singapore,2003,0.839
Singapore,2004,0.846
Singapore,2005,0.869
Singapore,2006,0.872
Singapore,2007,0.879
Singapore,2008,0.884
Singapore,2009,0.885
Singapore,2010,0.909
Singapore,2011,0.914
Singapore,2012,0.92
Singapore,2013,0.923
Singapore,2014,0.928
Singapore,2015,0.929
Singapore,2016,0.933
Singapore,2017,0.934
Singapore,2018,0.935
Slovakia,1990,0.739
Slovakia,1991,0.734
Slovakia,1992,0.733
Slovakia,1993,0.737
Slovakia,1994,0.743
Slovakia,1995,0.751
Slovakia,1996,0.754
Slovakia,1997,0.756
Slovakia,1998,0.762
Slovakia,1999,0.762
Slovakia,2000,0.763
Slovakia,2001,0.765
Slovakia,2002,0.772
Slovakia,2003,0.777
Slovakia,2004,0.785
Slovakia,2005,0.794
Slovakia,2006,0.803
Slovakia,2007,0.814
Slovakia,2008,0.822
Slovakia,2009,0.823
Slovakia,2010,0.829
Slovakia,2011,0.836
Slovakia,2012,0.841
Slovakia,2013,0.844
Slovakia,2014,0.845
Slovakia,2015,0.849
Slovakia,2016,0.851
Slovakia,2017,0.854
Slovakia,2018,0.857
Slovenia,1990,0.829
Slovenia,1991,0.813
Slovenia,1992,0.767
Slovenia,1993,0.759
Slovenia,1994,0.762
Slovenia,1995,0.782
Slovenia,1996,0.788
Slovenia,1997,0.796
Slovenia,1998,0.805
Slovenia,1999,0.819
Slovenia,2000,0.824
Slovenia,2001,0.835
Slovenia,2002,0.843
Slovenia,2003,0.85
Slovenia,2004,0.857
Slovenia,2005,0.861
Slovenia,2006,0.868
Slovenia,2007,0.873
Slovenia,2008,0.878
Slovenia,2009,0.877
Slovenia,2010,0.881
Slovenia,2011,0.883
Slovenia,2012,0.876
Slovenia,2013,0.884
Slovenia,2014,0.886
Slovenia,2015,0.886
Slovenia,2016,0.892
Slovenia,2017,0.899
Slovenia,2018,0.902
South Africa,1990,0.625
South Africa,1991,0.632
South Africa,1992,0.64
South Africa,1993,0.646
South Africa,1994,0.648
South Africa,1995,0.652
South Africa,1996,0.649
South Africa,1997,0.644
South Africa,1998,0.638
South Africa,1999,0.633
South Africa,2000,0.629
South Africa,2001,0.61
South Africa,2002,0.618
South Africa,2003,0.617
South Africa,2004,0.618
South Africa,2005,0.62
South Africa,2006,0.624
South Africa,2007,0.631
South Africa,2008,0.644
South Africa,2009,0.654
South Africa,2010,0.662
South Africa,2011,0.663
South Africa,2012,0.673
South Africa,2013,0.683
South Africa,2014,0.691
South Africa,2015,0.699
South Africa,2016,0.702
South Africa,2017,0.704
South Africa,2018,0.705
Spain,1990,0.754
Spain,1991,0.764
Spain,1992,0.772
Spain,1993,0.782
Spain,1994,0.791
Spain,1995,0.8
Spain,1996,0.806
Spain,1997,0.81
Spain,1998,0.814
Spain,1999,0.819
Spain,2000,0.825
Spain,2001,0.828
Spain,2002,0.83
Spain,2003,0.833
Spain,2004,0.837
Spain,2005,0.844
Spain,2006,0.848
Spain,2007,0.853
Spain,2008,0.856
Spain,2009,0.858
Spain,2010,0.865
Spain,2011,0.87
Spain,2012,0.873
Spain,2013,0.875
Spain,2014,0.88
Spain,2015,0.885
Spain,2016,0.888
Spain,2017,0.891
Spain,2018,0.893
Sri Lanka,1990,0.625
Sri Lanka,1991,0.63
Sri Lanka,1992,0.635
Sri Lanka,1993,0.637
Sri Lanka,1994,0.646
Sri Lanka,1995,0.65
Sri Lanka,1996,0.655
Sri Lanka,1997,0.662
Sri Lanka,1998,0.669
Sri Lanka,1999,0.677
Sri Lanka,2000,0.687
Sri Lanka,2001,0.693
Sri Lanka,2002,0.699
Sri Lanka,2003,0.708
Sri Lanka,2004,0.715
Sri Lanka,2005,0.721
Sri Lanka,2006,0.728
Sri Lanka,2007,0.734
Sri Lanka,2008,0.742
Sri Lanka,2009,0.745
Sri Lanka,2010,0.75
Sri Lanka,2011,0.756
Sri Lanka,2012,0.762
Sri Lanka,2013,0.765
Sri Lanka,2014,0.769
Sri Lanka,2015,0.772
Sri Lanka,2016,0.774
Sri Lanka,2017,0.776
Sri Lanka,2018,0.78
Sudan,1990,0.332
Sudan,1991,0.337
Sudan,1992,0.345
Sudan,1993,0.353
Sudan,1994,0.359
Sudan,1995,0.367
Sudan,1996,0.375
Sudan,1997,0.385
Sudan,1998,0.391
Sudan,1999,0.397
Sudan,2000,0.403
Sudan,2001,0.409
Sudan,2002,0.415
Sudan,2003,0.421
Sudan,2004,0.43
Sudan,2005,0.437
Sudan,2006,0.447
Sudan,2007,0.452
Sudan,2008,0.464
Sudan,2009,0.469
Sudan,2010,0.471
Sudan,2011,0.475
Sudan,2012,0.485
Sudan,2013,0.477
Sudan,2014,0.496
Sudan,2015,0.501
Sudan,2016,0.505
Sudan,2017,0.507
Sudan,2018,0.508
Sweden,1990,0.816
Sweden,1991,0.818
Sweden,1992,0.821
Sweden,1993,0.84
Sweden,1994,0.849
Sweden,1995,0.857
Sweden,1996,0.864
Sweden,1997,0.874
Sweden,1998,0.888
Sweden,1999,0.893
Sweden,2000,0.897
Sweden,2001,0.9
Sweden,2002,0.903
Sweden,2003,0.908
Sweden,2004,0.896
Sweden,2005,0.899
Sweden,2006,0.902
Sweden,2007,0.905
Sweden,2008,0.901
Sweden,2009,0.899
Sweden,2010,0.906
Sweden,2011,0.906
Sweden,2012,0.908
Sweden,2013,0.927
Sweden,2014,0.929
Sweden,2015,0.932
Sweden,2016,0.934
Sweden,2017,0.935
Sweden,2018,0.937
Switzerland,1990,0.832
Switzerland,1991,0.834
Switzerland,1992,0.836
Switzerland,1993,0.841
Switzerland,1994,0.844
Switzerland,1995,0.848
Switzerland,1996,0.854
Switzerland,1997,0.864
Switzerland,1998,0.874
Switzerland,1999,0.881
Switzerland,2000,0.889
Switzerland,2001,0.891
Switzerland,2002,0.891
Switzerland,2003,0.896
Switzerland,2004,0.901
Switzerland,2005,0.906
Switzerland,2006,0.912
Switzerland,2007,0.915
Switzerland,2008,0.917
Switzerland,2009,0.927
Switzerland,2010,0.932
Switzerland,2011,0.932
Switzerland,2012,0.935
Switzerland,2013,0.938
Switzerland,2014,0.939
Switzerland,2015,0.943
Switzerland,2016,0.943
Switzerland,2017,0.943
Switzerland,2018,0.946
Syrian Arab Republic,1990,0.558
Syrian Arab Republic,1991,0.562
Syrian Arab Republic,1992,0.568
Syrian Arab Republic,1993,0.571
Syrian Arab Republic,1994,0.576
Syrian Arab Republic,1995,0.579
Syrian Arab Republic,1996,0.583
Syrian Arab Republic,1997,0.587
Syrian Arab Republic,1998,0.59
Syrian Arab Republic,1999,0.589
Syrian Arab Republic,2000,0.59
Syrian Arab Republic,2001,0.597
Syrian Arab Republic,2002,0.6
Syrian Arab Republic,2003,0.61
Syrian Arab Republic,2004,0.623
Syrian Arab Republic,2005,0.635
Syrian Arab Republic,2006,0.643
Syrian Arab Republic,2007,0.649
Syrian Arab Republic,2008,0.646
Syrian Arab Republic,2009,0.648
Syrian Arab Republic,2010,0.644
Syrian Arab Republic,2011,0.642
Syrian Arab Republic,2012,0.631
Syrian Arab Republic,2013,0.572
Syrian Arab Republic,2014,0.551
Syrian Arab Republic,2015,0.54
Syrian Arab Republic,2016,0.539
Syrian Arab Republic,2017,0.544
Syrian Arab Republic,2018,0.549
Tajikistan,1990,0.603
Tajikistan,1991,0.598
Tajikistan,1992,0.577
Tajikistan,1993,0.56
Tajikistan,1994,0.527
Tajikistan,1995,0.532
Tajikistan,1996,0.517
Tajikistan,1997,0.522
Tajikistan,1998,0.526
Tajikistan,1999,0.53
Tajikistan,2000,0.538
Tajikistan,2001,0.548
Tajikistan,2002,0.559
Tajikistan,2003,0.571
Tajikistan,2004,0.582
Tajikistan,2005,0.59
Tajikistan,2006,0.596
Tajikistan,2007,0.602
Tajikistan,2008,0.616
Tajikistan,2009,0.619
Tajikistan,2010,0.63
Tajikistan,2011,0.634
Tajikistan,2012,0.639
Tajikistan,2013,0.643
Tajikistan,2014,0.642
Tajikistan,2015,0.642
Tajikistan,2016,0.647
Tajikistan,2017,0.651
Tajikistan,2018,0.656
Tanzania (United Republic of),1990,0.373
Tanzania (United Republic of),1991,0.374
Tanzania (United Republic of),1992,0.372
Tanzania (United Republic of),1993,0.372
Tanzania (United Republic of),1994,0.371
Tanzania (United Republic of),1995,0.372
Tanzania (United Republic of),1996,0.374
Tanzania (United Republic of),1997,0.375
Tanzania (United Republic of),1998,0.382
Tanzania (United Republic of),1999,0.388
Tanzania (United Republic of),2000,0.395
Tanzania (United Republic of),2001,0.402
Tanzania (United Republic of),2002,0.412
Tanzania (United Republic of),2003,0.421
Tanzania (United Republic of),2004,0.431
Tanzania (United Republic of),2005,0.442
Tanzania (United Republic of),2006,0.452
Tanzania (United Republic of),2007,0.461
Tanzania (United Republic of),2008,0.47
Tanzania (United Republic of),2009,0.479
Tanzania (United Republic of),2010,0.487
Tanzania (United Republic of),2011,0.492
Tanzania (United Republic of),2012,0.501
Tanzania (United Republic of),2013,0.503
Tanzania (United Republic of),2014,0.509
Tanzania (United Republic of),2015,0.519
Tanzania (United Republic of),2016,0.518
Tanzania (United Republic of),2017,0.522
Tanzania (United Republic of),2018,0.528
Thailand,1990,0.574
Thailand,1991,0.583
Thailand,1992,0.589
Thailand,1993,0.597
Thailand,1994,0.604
Thailand,1995,0.611
Thailand,1996,0.619
Thailand,1997,0.625
Thailand,1998,0.63
Thailand,1999,0.64
Thailand,2000,0.649
Thailand,2001,0.657
Thailand,2002,0.665
Thailand,2003,0.674
Thailand,2004,0.683
Thailand,2005,0.693
Thailand,2006,0.694
Thailand,2007,0.71
Thailand,2008,0.714
Thailand,2009,0.718
Thailand,2010,0.721
Thailand,2011,0.729
Thailand,2012,0.733
Thailand,2013,0.731
Thailand,2014,0.739
Thailand,2015,0.746
Thailand,2016,0.753
Thailand,2017,0.762
Thailand,2018,0.765
Togo,1990,0.405
Togo,1991,0.408
Togo,1992,0.4
Togo,1993,0.391
Togo,1994,0.397
Togo,1995,0.41
Togo,1996,0.418
Togo,1997,0.425
Togo,1998,0.424
Togo,1999,0.425
Togo,2000,0.426
Togo,2001,0.427
Togo,2002,0.428
Togo,2003,0.432
Togo,2004,0.435
Togo,2005,0.437
Togo,2006,0.444
Togo,2007,0.441
Togo,2008,0.449
Togo,2009,0.458
Togo,2010,0.468
Togo,2011,0.48
Togo,2012,0.484
Togo,2013,0.49
Togo,2014,0.495
Togo,2015,0.502
Togo,2016,0.506
Togo,2017,0.51
Togo,2018,0.513
Tonga,1990,0.645
Tonga,1991,0.651
Tonga,1992,0.653
Tonga,1993,0.657
Tonga,1994,0.664
Tonga,1995,0.667
Tonga,1996,0.667
Tonga,1997,0.667
Tonga,1998,0.67
Tonga,1999,0.67
Tonga,2000,0.666
Tonga,2001,0.67
Tonga,2002,0.676
Tonga,2003,0.685
Tonga,2004,0.674
Tonga,2005,0.674
Tonga,2006,0.675
Tonga,2007,0.678
Tonga,2008,0.681
Tonga,2009,0.686
Tonga,2010,0.692
Tonga,2011,0.696
Tonga,2012,0.7
Tonga,2013,0.699
Tonga,2014,0.699
Tonga,2015,0.714
Tonga,2016,0.715
Tonga,2017,0.717
Tonga,2018,0.717
Trinidad and Tobago,1990,0.667
Trinidad and Tobago,1991,0.668
Trinidad and Tobago,1992,0.674
Trinidad and Tobago,1993,0.676
Trinidad and Tobago,1994,0.68
Trinidad and Tobago,1995,0.686
Trinidad and Tobago,1996,0.691
Trinidad and Tobago,1997,0.699
Trinidad and Tobago,1998,0.698
Trinidad and Tobago,1999,0.717
Trinidad and Tobago,2000,0.721
Trinidad and Tobago,2001,0.729
Trinidad and Tobago,2002,0.73
Trinidad and Tobago,2003,0.744
Trinidad and Tobago,2004,0.753
Trinidad and Tobago,2005,0.751
Trinidad and Tobago,2006,0.767
Trinidad and Tobago,2007,0.777
Trinidad and Tobago,2008,0.784
Trinidad and Tobago,2009,0.786
Trinidad and Tobago,2010,0.788
Trinidad and Tobago,2011,0.786
Trinidad and Tobago,2012,0.784
Trinidad and Tobago,2013,0.787
Trinidad and Tobago,2014,0.788
Trinidad and Tobago,2015,0.796
Trinidad and Tobago,2016,0.796
Trinidad and Tobago,2017,0.799
Trinidad and Tobago,2018,0.799
Tunisia,1990,0.569
Tunisia,1991,0.575
Tunisia,1992,0.583
Tunisia,1993,0.589
Tunisia,1994,0.6
Tunisia,1995,0.607
Tunisia,1996,0.616
Tunisia,1997,0.623
Tunisia,1998,0.635
Tunisia,1999,0.645
Tunisia,2000,0.653
Tunisia,2001,0.661
Tunisia,2002,0.666
Tunisia,2003,0.673
Tunisia,2004,0.682
Tunisia,2005,0.689
Tunisia,2006,0.695
Tunisia,2007,0.701
Tunisia,2008,0.708
Tunisia,2009,0.71
Tunisia,2010,0.717
Tunisia,2011,0.719
Tunisia,2012,0.721
Tunisia,2013,0.725
Tunisia,2014,0.728
Tunisia,2015,0.731
Tunisia,2016,0.736
Tunisia,2017,0.738
Tunisia,2018,0.739
Turkey,1990,0.579
Turkey,1991,0.583
Turkey,1992,0.589
Turkey,1993,0.597
Turkey,1994,0.599
Turkey,1995,0.607
Turkey,1996,0.615
Turkey,1997,0.624
Turkey,1998,0.635
Turkey,1999,0.643
Turkey,2000,0.655
Turkey,2001,0.661
Turkey,2002,0.672
Turkey,2003,0.679
Turkey,2004,0.685
Turkey,2005,0.691
Turkey,2006,0.702
Turkey,2007,0.709
Turkey,2008,0.714
Turkey,2009,0.721
Turkey,2010,0.743
Turkey,2011,0.759
Turkey,2012,0.765
Turkey,2013,0.781
Turkey,2014,0.792
Turkey,2015,0.8
Turkey,2016,0.8
Turkey,2017,0.805
Turkey,2018,0.807
Uganda,1990,0.312
Uganda,1991,0.312
Uganda,1992,0.305
Uganda,1993,0.312
Uganda,1994,0.314
Uganda,1995,0.32
Uganda,1996,0.336
Uganda,1997,0.35
Uganda,1998,0.365
Uganda,1999,0.381
Uganda,2000,0.395
Uganda,2001,0.403
Uganda,2002,0.418
Uganda,2003,0.427
Uganda,2004,0.427
Uganda,2005,0.434
Uganda,2006,0.447
Uganda,2007,0.457
Uganda,2008,0.469
Uganda,2009,0.478
Uganda,2010,0.489
Uganda,2011,0.494
Uganda,2012,0.497
Uganda,2013,0.503
Uganda,2014,0.509
Uganda,2015,0.515
Uganda,2016,0.52
Uganda,2017,0.522
Uganda,2018,0.528
Ukraine,1990,0.705
Ukraine,1991,0.701
Ukraine,1992,0.692
Ukraine,1993,0.681
Ukraine,1994,0.668
Ukraine,1995,0.664
Ukraine,1996,0.661
Ukraine,1997,0.663
Ukraine,1998,0.665
Ukraine,1999,0.667
Ukraine,2000,0.671
Ukraine,2001,0.681
Ukraine,2002,0.689
Ukraine,2003,0.699
Ukraine,2004,0.706
Ukraine,2005,0.715
Ukraine,2006,0.722
Ukraine,2007,0.729
Ukraine,2008,0.733
Ukraine,2009,0.727
Ukraine,2010,0.732
Ukraine,2011,0.737
Ukraine,2012,0.742
Ukraine,2013,0.744
Ukraine,2014,0.747
Ukraine,2015,0.742
Ukraine,2016,0.746
Ukraine,2017,0.747
Ukraine,2018,0.75
United Arab Emirates,1990,0.724
United Arab Emirates,1991,0.735
United Arab Emirates,1992,0.738
United Arab Emirates,1993,0.745
United Arab Emirates,1994,0.755
United Arab Emirates,1995,0.764
United Arab Emirates,1996,0.765
United Arab Emirates,1997,0.766
United Arab Emirates,1998,0.769
United Arab Emirates,1999,0.776
United Arab Emirates,2000,0.782
United Arab Emirates,2001,0.787
United Arab Emirates,2002,0.793
United Arab Emirates,2003,0.798
United Arab Emirates,2004,0.803
United Arab Emirates,2005,0.809
United Arab Emirates,2006,0.814
United Arab Emirates,2007,0.819
United Arab Emirates,2008,0.821
United Arab Emirates,2009,0.819
United Arab Emirates,2010,0.821
United Arab Emirates,2011,0.826
United Arab Emirates,2012,0.832
United Arab Emirates,2013,0.839
United Arab Emirates,2014,0.847
United Arab Emirates,2015,0.86
United Arab Emirates,2016,0.863
United Arab Emirates,2017,0.864
United Arab Emirates,2018,0.866
United Kingdom,1990,0.775
United Kingdom,1991,0.787
United Kingdom,1992,0.801
United Kingdom,1993,0.813
United Kingdom,1994,0.827
United Kingdom,1995,0.839
United Kingdom,1996,0.844
United Kingdom,1997,0.849
United Kingdom,1998,0.855
United Kingdom,1999,0.861
United Kingdom,2000,0.867
United Kingdom,2001,0.871
United Kingdom,2002,0.874
United Kingdom,2003,0.878
United Kingdom,2004,0.886
United Kingdom,2005,0.89
United Kingdom,2006,0.889
United Kingdom,2007,0.892
United Kingdom,2008,0.896
United Kingdom,2009,0.899
United Kingdom,2010,0.905
United Kingdom,2011,0.899
United Kingdom,2012,0.897
United Kingdom,2013,0.914
United Kingdom,2014,0.918
United Kingdom,2015,0.916
United Kingdom,2016,0.918
United Kingdom,2017,0.919
United Kingdom,2018,0.92
United States,1990,0.86
United States,1991,0.862
United States,1992,
United States,1993,0.872
United States,1994,0.875
United States,1995,0.878
United States,1996,0.879
United States,1997,
United States,1998,0.884
United States,1999,0.885
United States,2000,0.881
United States,2001,0.884
United States,2002,0.886
United States,2003,0.889
United States,2004,0.892
United States,2005,0.896
United States,2006,0.899
United States,2007,0.902
United States,2008,0.907
United States,2009,0.908
United States,2010,0.911
United States,2011,0.914
United States,2012,0.916
United States,2013,0.914
United States,2014,0.915
United States,2015,0.917
United States,2016,0.919
United States,2017,0.919
United States,2018,0.92
Uruguay,1990,0.692
Uruguay,1991,0.697
Uruguay,1992,0.7
Uruguay,1993,0.703
Uruguay,1994,0.709
Uruguay,1995,0.711
Uruguay,1996,0.717
Uruguay,1997,0.727
Uruguay,1998,0.735
Uruguay,1999,0.737
Uruguay,2000,0.742
Uruguay,2001,0.745
Uruguay,2002,0.747
Uruguay,2003,0.75
Uruguay,2004,0.754
Uruguay,2005,0.756
Uruguay,2006,0.761
Uruguay,2007,0.763
Uruguay,2008,0.767
Uruguay,2009,0.779
Uruguay,2010,0.774
Uruguay,2011,0.783
Uruguay,2012,0.788
Uruguay,2013,0.797
Uruguay,2014,0.8
Uruguay,2015,0.802
Uruguay,2016,0.806
Uruguay,2017,0.807
Uruguay,2018,0.808
Venezuela (Bolivarian Republic of),1990,0.638
Venezuela (Bolivarian Republic of),1991,0.648
Venezuela (Bolivarian Republic of),1992,0.654
Venezuela (Bolivarian Republic of),1993,0.656
Venezuela (Bolivarian Republic of),1994,0.657
Venezuela (Bolivarian Republic of),1995,0.66
Venezuela (Bolivarian Republic of),1996,0.662
Venezuela (Bolivarian Republic of),1997,0.666
Venezuela (Bolivarian Republic of),1998,0.668
Venezuela (Bolivarian Republic of),1999,0.67
Venezuela (Bolivarian Republic of),2000,0.672
Venezuela (Bolivarian Republic of),2001,0.68
Venezuela (Bolivarian Republic of),2002,0.688
Venezuela (Bolivarian Republic of),2003,0.687
Venezuela (Bolivarian Republic of),2004,0.7
Venezuela (Bolivarian Republic of),2005,0.714
Venezuela (Bolivarian Republic of),2006,0.727
Venezuela (Bolivarian Republic of),2007,0.743
Venezuela (Bolivarian Republic of),2008,0.753
Venezuela (Bolivarian Republic of),2009,0.752
Venezuela (Bolivarian Republic of),2010,0.753
Venezuela (Bolivarian Republic of),2011,0.764
Venezuela (Bolivarian Republic of),2012,0.767
Venezuela (Bolivarian Republic of),2013,0.772
Venezuela (Bolivarian Republic of),2014,0.77
Venezuela (Bolivarian Republic of),2015,0.763
Venezuela (Bolivarian Republic of),2016,0.752
Venezuela (Bolivarian Republic of),2017,0.735
Venezuela (Bolivarian Republic of),2018,0.726
Viet Nam,1990,0.475
Viet Nam,1991,0.484
Viet Nam,1992,0.496
Viet Nam,1993,0.506
Viet Nam,1994,0.517
Viet Nam,1995,0.529
Viet Nam,1996,0.54
Viet Nam,1997,0.539
Viet Nam,1998,0.559
Viet Nam,1999,0.566
Viet Nam,2000,0.578
Viet Nam,2001,0.586
Viet Nam,2002,0.594
Viet Nam,2003,0.603
Viet Nam,2004,0.612
Viet Nam,2005,0.616
Viet Nam,2006,0.624
Viet Nam,2007,0.632
Viet Nam,2008,0.639
Viet Nam,2009,0.65
Viet Nam,2010,0.653
Viet Nam,2011,0.663
Viet Nam,2012,0.668
Viet Nam,2013,0.673
Viet Nam,2014,0.675
Viet Nam,2015,0.68
Viet Nam,2016,0.685
Viet Nam,2017,0.69
Viet Nam,2018,0.693
Yemen,1990,0.392
Yemen,1991,0.396
Yemen,1992,0.395
Yemen,1993,0.398
Yemen,1994,0.398
Yemen,1995,0.393
Yemen,1996,0.408
Yemen,1997,0.418
Yemen,1998,0.43
Yemen,1999,0.423
Yemen,2000,0.432
Yemen,2001,0.449
Yemen,2002,0.456
Yemen,2003,0.464
Yemen,2004,0.471
Yemen,2005,0.472
Yemen,2006,0.478
Yemen,2007,0.486
Yemen,2008,0.488
Yemen,2009,0.503
Yemen,2010,0.499
Yemen,2011,0.511
Yemen,2012,0.501
Yemen,2013,0.506
Yemen,2014,0.504
Yemen,2015,0.493
Yemen,2016,0.477
Yemen,2017,0.463
Yemen,2018,0.463
Zambia,1990,0.424
Zambia,1991,0.421
Zambia,1992,0.42
Zambia,1993,0.422
Zambia,1994,0.418
Zambia,1995,0.419
Zambia,1996,0.419
Zambia,1997,0.42
Zambia,1998,0.419
Zambia,1999,0.424
Zambia,2000,0.428
Zambia,2001,0.436
Zambia,2002,0.445
Zambia,2003,0.455
Zambia,2004,0.464
Zambia,2005,0.475
Zambia,2006,0.486
Zambia,2007,0.492
Zambia,2008,0.507
Zambia,2009,0.521
Zambia,2010,0.531
Zambia,2011,0.541
Zambia,2012,0.552
Zambia,2013,0.559
Zambia,2014,0.565
Zambia,2015,0.57
Zambia,2016,0.58
Zambia,2017,0.589
Zambia,2018,0.591
Zimbabwe,1990,0.498
Zimbabwe,1991,0.5
Zimbabwe,1992,0.485
Zimbabwe,1993,0.48
Zimbabwe,1994,0.478
Zimbabwe,1995,0.472
Zimbabwe,1996,0.471
Zimbabwe,1997,0.466
Zimbabwe,1998,0.461
Zimbabwe,1999,0.457
Zimbabwe,2000,0.452
Zimbabwe,2001,0.453
Zimbabwe,2002,0.444
Zimbabwe,2003,0.43
Zimbabwe,2004,0.427
Zimbabwe,2005,0.425
Zimbabwe,2006,0.429
Zimbabwe,2007,0.434
Zimbabwe,2008,0.432
Zimbabwe,2009,0.448
Zimbabwe,2010,0.472
Zimbabwe,2011,0.49
Zimbabwe,2012,0.516
Zimbabwe,2013,0.527
Zimbabwe,2014,0.537
Zimbabwe,2015,0.544
Zimbabwe,2016,0.549
Zimbabwe,2017,0.553
Zimbabwe,2018,0.563
