HDI Rank (2018),Country,Year,Total Population,Ubran %,"Population, under 5","Population, ages 15-64","Population, ages >=65"
170,Afghanistan,1990,12.4,21.2,2.4,6.1,0.3
170,Afghanistan,1995,18.1,21.6,3.5,9,0.4
170,Afghanistan,2000,20.8,22.1,4.2,10.1,0.5
170,Afghanistan,2005,25.7,22.7,4.9,12.8,0.6
170,Afghanistan,2010,29.2,23.7,5.3,14.4,0.7
170,Afghanistan,2011,30.1,23.9,5.4,15,0.7
170,Afghanistan,2012,31.2,24.2,5.4,15.7,0.7
170,Afghanistan,2013,32.3,24.4,5.4,16.5,0.8
170,Afghanistan,2014,33.4,24.6,5.5,17.3,0.8
170,Afghanistan,2015,34.4,24.8,5.5,18.1,0.9
170,Afghanistan,2016,35.4,25,5.5,18.8,0.9
170,Afghanistan,2017,36.3,25.2,5.6,19.5,0.9
170,Afghanistan,2018,37.2,25.5,5.6,20.2,1
69,Albania,1990,3.3,36.4,0.4,2,0.2
69,Albania,1995,3.1,38.9,0.3,1.9,0.2
69,Albania,2000,3.1,41.7,0.3,2,0.2
69,Albania,2005,3.1,46.7,0.2,2,0.3
69,Albania,2010,2.9,52.2,0.2,2,0.3
69,Albania,2011,2.9,53.2,0.2,2,0.3
69,Albania,2012,2.9,54.3,0.2,2,0.3
69,Albania,2013,2.9,55.4,0.2,2,0.3
69,Albania,2014,2.9,56.4,0.2,2,0.4
69,Albania,2015,2.9,57.4,0.2,2,0.4
69,Albania,2016,2.9,58.4,0.2,2,0.4
69,Albania,2017,2.9,59.4,0.2,2,0.4
69,Albania,2018,2.9,60.3,0.2,2,0.4
82,Algeria,1990,25.8,52.1,4,13.7,0.9
82,Algeria,1995,28.8,56,3.7,16.3,1
82,Algeria,2000,31,59.9,3.1,19,1.3
82,Algeria,2005,33.1,63.8,3,21.8,1.6
82,Algeria,2010,36,67.5,3.9,24.2,2
82,Algeria,2011,36.7,68.2,4.1,24.6,2
82,Algeria,2012,37.4,68.9,4.3,25,2.1
82,Algeria,2013,38.1,69.6,4.4,25.3,2.1
82,Algeria,2014,38.9,70.2,4.5,25.7,2.2
82,Algeria,2015,39.7,70.8,4.7,26,2.3
82,Algeria,2016,40.6,71.5,4.7,26.3,2.4
82,Algeria,2017,41.4,72.1,4.8,26.6,2.6
82,Algeria,2018,42.2,72.6,5,26.8,2.7
36,Andorra,1990,0.1,94.7,,,
36,Andorra,1995,0.1,93.7,,,
36,Andorra,2000,0.1,92.4,,,
36,Andorra,2005,0.1,90.3,,,
36,Andorra,2010,0.1,88.8,,,
36,Andorra,2011,0.1,88.7,,,
36,Andorra,2012,0.1,88.6,,,
36,Andorra,2013,0.1,88.5,,,
36,Andorra,2014,0.1,88.4,,,
36,Andorra,2015,0.1,88.3,,,
36,Andorra,2016,0.1,88.2,,,
36,Andorra,2017,0.1,88.2,,,
36,Andorra,2018,0.1,88.1,,,
149,Angola,1990,11.8,37.1,2.3,5.9,0.3
149,Angola,1995,13.9,44.2,2.7,7,0.4
149,Angola,2000,16.4,50.1,3.1,8.2,0.4
149,Angola,2005,19.4,56,3.7,9.8,0.5
149,Angola,2010,23.4,59.8,4.5,11.8,0.6
149,Angola,2011,24.2,60.5,4.6,12.2,0.6
149,Angola,2012,25.1,61.3,4.8,12.7,0.6
149,Angola,2013,26,62,4.9,13.1,0.6
149,Angola,2014,26.9,62.7,5.1,13.6,0.6
149,Angola,2015,27.9,63.4,5.2,14.1,0.6
149,Angola,2016,28.8,64.1,5.3,14.6,0.7
149,Angola,2017,29.8,64.8,5.4,15.1,0.7
149,Angola,2018,30.8,65.5,5.6,15.7,0.7
74,Antigua and Barbuda,1990,0.1,35.4,0,0,0
74,Antigua and Barbuda,1995,0.1,34,0,0,0
74,Antigua and Barbuda,2000,0.1,32.1,0,0,0
74,Antigua and Barbuda,2005,0.1,29.2,0,0.1,0
74,Antigua and Barbuda,2010,0.1,26.2,0,0.1,0
74,Antigua and Barbuda,2011,0.1,25.7,0,0.1,0
74,Antigua and Barbuda,2012,0.1,25.5,0,0.1,0
74,Antigua and Barbuda,2013,0.1,25.4,0,0.1,0
74,Antigua and Barbuda,2014,0.1,25.2,0,0.1,0
74,Antigua and Barbuda,2015,0.1,25,0,0.1,0
74,Antigua and Barbuda,2016,0.1,24.8,0,0.1,0
74,Antigua and Barbuda,2017,0.1,24.7,0,0.1,0
74,Antigua and Barbuda,2018,0.1,24.6,0,0.1,0
48,Argentina,1990,32.6,87,3.5,19.7,2.9
48,Argentina,1995,34.8,88.2,3.6,21.2,3.3
48,Argentina,2000,36.9,89.1,3.5,22.8,3.6
48,Argentina,2005,38.9,90,3.6,24.4,3.8
48,Argentina,2010,40.9,90.8,3.6,26.1,4.2
48,Argentina,2011,41.3,91,3.6,26.4,4.3
48,Argentina,2012,41.8,91.1,3.6,26.7,4.3
48,Argentina,2013,42.2,91.2,3.7,27,4.4
48,Argentina,2014,42.6,91.4,3.7,27.3,4.5
48,Argentina,2015,43.1,91.5,3.7,27.6,4.6
48,Argentina,2016,43.5,91.6,3.7,27.9,4.7
48,Argentina,2017,43.9,91.7,3.7,28.2,4.8
48,Argentina,2018,44.4,91.9,3.7,28.4,4.9
81,Armenia,1990,3.5,67.4,0.4,2.3,0.2
81,Armenia,1995,3.2,66.1,0.3,2,0.3
81,Armenia,2000,3.1,64.7,0.2,2,0.3
81,Armenia,2005,3,63.9,0.2,2,0.4
81,Armenia,2010,2.9,63.4,0.2,2,0.3
81,Armenia,2011,2.9,63.3,0.2,2,0.3
81,Armenia,2012,2.9,63.2,0.2,2,0.3
81,Armenia,2013,2.9,63.2,0.2,2,0.3
81,Armenia,2014,2.9,63.1,0.2,2,0.3
81,Armenia,2015,2.9,63.1,0.2,2,0.3
81,Armenia,2016,2.9,63.1,0.2,2,0.3
81,Armenia,2017,2.9,63.1,0.2,2,0.3
81,Armenia,2018,3,63.1,0.2,2,0.3
6,Australia,1990,17,85.4,1.3,11.3,1.9
6,Australia,1995,18,84.9,1.3,12,2.1
6,Australia,2000,19,84.2,1.3,12.7,2.3
6,Australia,2005,20.2,84.6,1.3,13.6,2.6
6,Australia,2010,22.2,85.2,1.5,15,3
6,Australia,2011,22.5,85.3,1.5,15.2,3.1
6,Australia,2012,22.9,85.4,1.5,15.4,3.2
6,Australia,2013,23.3,85.5,1.5,15.5,3.3
6,Australia,2014,23.6,85.6,1.6,15.7,3.4
6,Australia,2015,23.9,85.7,1.6,15.9,3.6
6,Australia,2016,24.3,85.8,1.6,16,3.7
6,Australia,2017,24.6,85.9,1.6,16.1,3.8
6,Australia,2018,24.9,86,1.6,16.2,3.9
20,Austria,1990,7.7,63,0.4,5.3,1.2
20,Austria,1995,8,61.6,0.5,5.4,1.2
20,Austria,2000,8.1,60.2,0.4,5.5,1.2
20,Austria,2005,8.3,58.8,0.4,5.6,1.3
20,Austria,2010,8.4,57.4,0.4,5.7,1.5
20,Austria,2011,8.5,57.1,0.4,5.7,1.5
20,Austria,2012,8.5,57.1,0.4,5.7,1.6
20,Austria,2013,8.6,57.3,0.4,5.8,1.6
20,Austria,2014,8.6,57.5,0.4,5.8,1.6
20,Austria,2015,8.7,57.7,0.4,5.8,1.6
20,Austria,2016,8.7,57.9,0.4,5.9,1.7
20,Austria,2017,8.8,58.1,0.4,5.9,1.7
20,Austria,2018,8.9,58.3,0.4,5.9,1.7
87,Azerbaijan,1990,7.2,53.7,0.9,4.5,0.3
87,Azerbaijan,1995,7.8,52.2,0.9,4.7,0.4
87,Azerbaijan,2000,8.1,51.4,0.7,5.1,0.5
87,Azerbaijan,2005,8.5,52.4,0.6,5.7,0.6
87,Azerbaijan,2010,9,53.4,0.7,6.4,0.5
87,Azerbaijan,2011,9.1,53.6,0.7,6.5,0.5
87,Azerbaijan,2012,9.3,53.9,0.8,6.6,0.5
87,Azerbaijan,2013,9.4,54.1,0.8,6.7,0.5
87,Azerbaijan,2014,9.5,54.4,0.8,6.8,0.5
87,Azerbaijan,2015,9.6,54.7,0.9,6.9,0.6
87,Azerbaijan,2016,9.7,55,0.9,6.9,0.6
87,Azerbaijan,2017,9.8,55.3,0.9,7,0.6
87,Azerbaijan,2018,9.9,55.7,0.9,7,0.6
60,Bahamas,1990,0.3,79.8,0,0.2,0
60,Bahamas,1995,0.3,81,0,0.2,0
60,Bahamas,2000,0.3,82,0,0.2,0
60,Bahamas,2005,0.3,82.2,0,0.2,0
60,Bahamas,2010,0.4,82.4,0,0.2,0
60,Bahamas,2011,0.4,82.5,0,0.2,0
60,Bahamas,2012,0.4,82.5,0,0.2,0
60,Bahamas,2013,0.4,82.6,0,0.3,0
60,Bahamas,2014,0.4,82.7,0,0.3,0
60,Bahamas,2015,0.4,82.7,0,0.3,0
60,Bahamas,2016,0.4,82.8,0,0.3,0
60,Bahamas,2017,0.4,82.9,0,0.3,0
60,Bahamas,2018,0.4,83,0,0.3,0
45,Bahrain,1990,0.5,88.1,0.1,0.3,0
45,Bahrain,1995,0.6,88.4,0.1,0.4,0
45,Bahrain,2000,0.7,88.4,0.1,0.4,0
45,Bahrain,2005,0.9,88.4,0.1,0.6,0
45,Bahrain,2010,1.2,88.6,0.1,1,0
45,Bahrain,2011,1.3,88.7,0.1,1,0
45,Bahrain,2012,1.3,88.8,0.1,1,0
45,Bahrain,2013,1.3,88.8,0.1,1,0
45,Bahrain,2014,1.3,88.9,0.1,1,0
45,Bahrain,2015,1.4,89,0.1,1.1,0
45,Bahrain,2016,1.4,89.1,0.1,1.1,0
45,Bahrain,2017,1.5,89.2,0.1,1.2,0
45,Bahrain,2018,1.6,89.3,0.1,1.2,0
135,Bangladesh,1990,103.2,19.8,15.9,56.5,3.2
135,Bangladesh,1995,115.2,21.7,16.1,65.5,3.9
135,Bangladesh,2000,127.7,23.6,16.3,75.6,4.9
135,Bangladesh,2005,139,26.8,16.2,85.3,6
135,Bangladesh,2010,147.6,30.5,15.3,93.3,7
135,Bangladesh,2011,149.3,31.2,15.1,95.1,7.3
135,Bangladesh,2012,151,32,14.9,96.9,7.5
135,Bangladesh,2013,152.8,32.8,14.8,98.7,7.7
135,Bangladesh,2014,154.5,33.5,14.8,100.6,7.8
135,Bangladesh,2015,156.3,34.3,14.7,102.5,8
135,Bangladesh,2016,158,35.1,14.7,104.4,8.1
135,Bangladesh,2017,159.7,35.9,14.6,106.4,8.2
135,Bangladesh,2018,161.4,36.6,14.5,108.3,8.3
56,Barbados,1990,0.3,37.4,0,0.2,0
56,Barbados,1995,0.3,35.6,0,0.2,0
56,Barbados,2000,0.3,33.8,0,0.2,0
56,Barbados,2005,0.3,32.8,0,0.2,0
56,Barbados,2010,0.3,31.9,0,0.2,0
56,Barbados,2011,0.3,31.7,0,0.2,0
56,Barbados,2012,0.3,31.6,0,0.2,0
56,Barbados,2013,0.3,31.4,0,0.2,0
56,Barbados,2014,0.3,31.3,0,0.2,0
56,Barbados,2015,0.3,31.2,0,0.2,0
56,Barbados,2016,0.3,31.2,0,0.2,0
56,Barbados,2017,0.3,31.2,0,0.2,0
56,Barbados,2018,0.3,31.1,0,0.2,0
50,Belarus,1990,10.2,66,0.8,6.7,1.1
50,Belarus,1995,10.1,67.9,0.6,6.6,1.3
50,Belarus,2000,9.9,70,0.5,6.7,1.3
50,Belarus,2005,9.6,72.4,0.4,6.7,1.4
50,Belarus,2010,9.4,74.7,0.5,6.7,1.3
50,Belarus,2011,9.4,75.2,0.5,6.7,1.3
50,Belarus,2012,9.4,75.7,0.5,6.7,1.3
50,Belarus,2013,9.4,76.2,0.6,6.6,1.3
50,Belarus,2014,9.4,76.7,0.6,6.6,1.3
50,Belarus,2015,9.4,77.2,0.6,6.6,1.4
50,Belarus,2016,9.4,77.7,0.6,6.5,1.4
50,Belarus,2017,9.4,78.1,0.6,6.5,1.4
50,Belarus,2018,9.5,78.6,0.6,6.5,1.4
17,Belgium,1990,10,96.4,0.6,6.7,1.5
17,Belgium,1995,10.2,96.8,0.6,6.7,1.6
17,Belgium,2000,10.3,97.1,0.6,6.7,1.7
17,Belgium,2005,10.5,97.4,0.6,6.9,1.8
17,Belgium,2010,10.9,97.7,0.6,7.2,1.9
17,Belgium,2011,11,97.7,0.6,7.2,1.9
17,Belgium,2012,11.1,97.7,0.6,7.3,1.9
17,Belgium,2013,11.2,97.8,0.6,7.3,2
17,Belgium,2014,11.2,97.8,0.6,7.3,2
17,Belgium,2015,11.3,97.9,0.6,7.3,2
17,Belgium,2016,11.4,97.9,0.6,7.3,2.1
17,Belgium,2017,11.4,98,0.6,7.4,2.1
17,Belgium,2018,11.5,98,0.6,7.4,2.2
103,Belize,1990,0.2,47.5,0,0.1,0
103,Belize,1995,0.2,46.4,0,0.1,0
103,Belize,2000,0.2,45.4,0,0.1,0
103,Belize,2005,0.3,45.3,0,0.2,0
103,Belize,2010,0.3,45.2,0,0.2,0
103,Belize,2011,0.3,45.2,0,0.2,0
103,Belize,2012,0.3,45.2,0,0.2,0
103,Belize,2013,0.3,45.3,0,0.2,0
103,Belize,2014,0.4,45.3,0,0.2,0
103,Belize,2015,0.4,45.4,0,0.2,0
103,Belize,2016,0.4,45.5,0,0.2,0
103,Belize,2017,0.4,45.6,0,0.2,0
103,Belize,2018,0.4,45.7,0,0.2,0
163,Benin,1990,5,34.5,0.9,2.5,0.2
163,Benin,1995,5.9,36.8,1.1,3,0.2
163,Benin,2000,6.9,38.3,1.2,3.5,0.2
163,Benin,2005,8,40.5,1.4,4.2,0.3
163,Benin,2010,9.2,43.1,1.6,4.9,0.3
163,Benin,2011,9.5,43.6,1.6,5,0.3
163,Benin,2012,9.7,44.1,1.6,5.2,0.3
163,Benin,2013,10,44.6,1.7,5.3,0.3
163,Benin,2014,10.3,45.2,1.7,5.5,0.3
163,Benin,2015,10.6,45.7,1.7,5.7,0.3
163,Benin,2016,10.9,46.2,1.8,5.9,0.4
163,Benin,2017,11.2,46.8,1.8,6,0.4
163,Benin,2018,11.5,47.3,1.8,6.2,0.4
134,Bhutan,1990,0.5,16.4,0.1,0.3,0
134,Bhutan,1995,0.5,20.5,0.1,0.3,0
134,Bhutan,2000,0.6,25.4,0.1,0.3,0
134,Bhutan,2005,0.6,31,0.1,0.4,0
134,Bhutan,2010,0.7,34.8,0.1,0.4,0
134,Bhutan,2011,0.7,35.6,0.1,0.4,0
134,Bhutan,2012,0.7,36.4,0.1,0.5,0
134,Bhutan,2013,0.7,37.1,0.1,0.5,0
134,Bhutan,2014,0.7,37.9,0.1,0.5,0
134,Bhutan,2015,0.7,38.7,0.1,0.5,0
134,Bhutan,2016,0.7,39.4,0.1,0.5,0
134,Bhutan,2017,0.7,40.2,0.1,0.5,0
134,Bhutan,2018,0.8,40.9,0.1,0.5,0
114,Bolivia (Plurinational State of),1990,6.9,55.6,1,3.8,0.3
114,Bolivia (Plurinational State of),1995,7.6,59.2,1.1,4.3,0.4
114,Bolivia (Plurinational State of),2000,8.4,61.8,1.2,4.8,0.4
114,Bolivia (Plurinational State of),2005,9.2,64.2,1.2,5.4,0.5
114,Bolivia (Plurinational State of),2010,10,66.4,1.2,6,0.6
114,Bolivia (Plurinational State of),2011,10.2,66.9,1.2,6.1,0.6
114,Bolivia (Plurinational State of),2012,10.4,67.3,1.2,6.2,0.7
114,Bolivia (Plurinational State of),2013,10.5,67.7,1.2,6.3,0.7
114,Bolivia (Plurinational State of),2014,10.7,68,1.2,6.5,0.7
114,Bolivia (Plurinational State of),2015,10.9,68.4,1.2,6.6,0.7
114,Bolivia (Plurinational State of),2016,11,68.7,1.2,6.7,0.8
114,Bolivia (Plurinational State of),2017,11.2,69.1,1.2,6.9,0.8
114,Bolivia (Plurinational State of),2018,11.4,69.4,1.2,7,0.8
75,Bosnia and Herzegovina,1990,4.5,39.2,0.3,3.1,0.3
75,Bosnia and Herzegovina,1995,3.8,40.8,0.3,2.6,0.4
75,Bosnia and Herzegovina,2000,3.8,42.4,0.2,2.6,0.4
75,Bosnia and Herzegovina,2005,3.8,44,0.2,2.6,0.5
75,Bosnia and Herzegovina,2010,3.7,45.6,0.2,2.6,0.5
75,Bosnia and Herzegovina,2011,3.7,45.9,0.2,2.6,0.5
75,Bosnia and Herzegovina,2012,3.6,46.2,0.2,2.5,0.5
75,Bosnia and Herzegovina,2013,3.5,46.5,0.2,2.5,0.5
75,Bosnia and Herzegovina,2014,3.5,46.8,0.2,2.5,0.5
75,Bosnia and Herzegovina,2015,3.4,47.2,0.2,2.4,0.5
75,Bosnia and Herzegovina,2016,3.4,47.5,0.2,2.4,0.5
75,Bosnia and Herzegovina,2017,3.4,47.9,0.1,2.3,0.5
75,Bosnia and Herzegovina,2018,3.3,48.2,0.1,2.3,0.5
94,Botswana,1990,1.3,41.9,0.2,0.7,0
94,Botswana,1995,1.5,49,0.2,0.8,0
94,Botswana,2000,1.6,53.2,0.2,1,0.1
94,Botswana,2005,1.8,55.9,0.2,1.1,0.1
94,Botswana,2010,2,62.4,0.3,1.2,0.1
94,Botswana,2011,2,63.9,0.3,1.2,0.1
94,Botswana,2012,2,64.8,0.3,1.3,0.1
94,Botswana,2013,2.1,65.6,0.3,1.3,0.1
94,Botswana,2014,2.1,66.4,0.3,1.3,0.1
94,Botswana,2015,2.1,67.2,0.3,1.3,0.1
94,Botswana,2016,2.2,67.9,0.3,1.3,0.1
94,Botswana,2017,2.2,68.7,0.3,1.4,0.1
94,Botswana,2018,2.3,69.4,0.3,1.4,0.1
79,Brazil,1990,149,73.9,17.8,90.3,6.3
79,Brazil,1995,162,77.6,17.4,101.2,7.7
79,Brazil,2000,174.8,81.2,17.4,113.3,9.2
79,Brazil,2005,186.1,82.8,16.3,124,11.2
79,Brazil,2010,195.7,84.3,15,133.8,13.3
79,Brazil,2011,197.5,84.6,14.8,135.6,13.9
79,Brazil,2012,199.3,84.9,14.7,137.4,14.5
79,Brazil,2013,201,85.2,14.7,139.1,15.1
79,Brazil,2014,202.8,85.5,14.7,140.7,15.7
79,Brazil,2015,204.5,85.8,14.6,142.2,16.4
79,Brazil,2016,206.2,86,14.7,143.6,17.1
79,Brazil,2017,207.8,86.3,14.7,144.9,17.9
79,Brazil,2018,209.5,86.6,14.7,146.1,18.7
43,Brunei Darussalam,1990,0.3,66.4,0,0.2,0
43,Brunei Darussalam,1995,0.3,68.6,0,0.2,0
43,Brunei Darussalam,2000,0.3,71.2,0,0.2,0
43,Brunei Darussalam,2005,0.4,73.2,0,0.3,0
43,Brunei Darussalam,2010,0.4,75,0,0.3,0
43,Brunei Darussalam,2011,0.4,75.3,0,0.3,0
43,Brunei Darussalam,2012,0.4,75.7,0,0.3,0
43,Brunei Darussalam,2013,0.4,76,0,0.3,0
43,Brunei Darussalam,2014,0.4,76.3,0,0.3,0
43,Brunei Darussalam,2015,0.4,76.7,0,0.3,0
43,Brunei Darussalam,2016,0.4,77,0,0.3,0
43,Brunei Darussalam,2017,0.4,77.3,0,0.3,0
43,Brunei Darussalam,2018,0.4,77.6,0,0.3,0
52,Bulgaria,1990,8.8,66.4,0.6,5.9,1.2
52,Bulgaria,1995,8.4,67.8,0.4,5.6,1.3
52,Bulgaria,2000,8,68.9,0.3,5.4,1.3
52,Bulgaria,2005,7.7,70.6,0.3,5.3,1.3
52,Bulgaria,2010,7.4,72.3,0.4,5.1,1.3
52,Bulgaria,2011,7.4,72.6,0.4,5,1.4
52,Bulgaria,2012,7.3,73,0.4,4.9,1.4
52,Bulgaria,2013,7.3,73.3,0.4,4.9,1.4
52,Bulgaria,2014,7.2,73.7,0.3,4.8,1.4
52,Bulgaria,2015,7.2,74,0.3,4.7,1.4
52,Bulgaria,2016,7.2,74.3,0.3,4.7,1.5
52,Bulgaria,2017,7.1,74.7,0.3,4.6,1.5
52,Bulgaria,2018,7.1,75,0.3,4.5,1.5
182,Burkina Faso,1990,8.8,13.8,1.7,4.4,0.3
182,Burkina Faso,1995,10.1,15.1,1.9,5,0.3
182,Burkina Faso,2000,11.6,17.8,2.2,5.9,0.3
182,Burkina Faso,2005,13.4,21.5,2.5,6.8,0.3
182,Burkina Faso,2010,15.6,24.6,2.8,8,0.4
182,Burkina Faso,2011,16.1,25.2,2.9,8.3,0.4
182,Burkina Faso,2012,16.6,25.8,3,8.5,0.4
182,Burkina Faso,2013,17.1,26.3,3,8.8,0.4
182,Burkina Faso,2014,17.6,26.9,3.1,9.1,0.4
182,Burkina Faso,2015,18.1,27.5,3.2,9.4,0.4
182,Burkina Faso,2016,18.6,28.1,3.2,9.7,0.4
182,Burkina Faso,2017,19.2,28.7,3.3,10.1,0.5
182,Burkina Faso,2018,19.8,29.4,3.3,10.4,0.5
185,Burundi,1990,5.4,6.3,1.1,2.7,0.1
185,Burundi,1995,6,7.2,1.2,2.8,0.2
185,Burundi,2000,6.4,8.2,1.2,3,0.2
185,Burundi,2005,7.4,9.4,1.3,3.7,0.2
185,Burundi,2010,8.7,10.6,1.6,4.6,0.2
185,Burundi,2011,9,10.9,1.6,4.7,0.2
185,Burundi,2012,9.2,11.2,1.7,4.9,0.2
185,Burundi,2013,9.5,11.5,1.8,5,0.2
185,Burundi,2014,9.8,11.8,1.8,5.2,0.2
185,Burundi,2015,10.2,12.1,1.9,5.3,0.2
185,Burundi,2016,10.5,12.4,1.9,5.5,0.2
185,Burundi,2017,10.8,12.7,1.9,5.7,0.2
185,Burundi,2018,11.2,13,2,5.8,0.3
126,Cabo Verde,1990,0.3,44.1,0.1,0.2,0
126,Cabo Verde,1995,0.4,48.8,0.1,0.2,0
126,Cabo Verde,2000,0.4,53.4,0.1,0.2,0
126,Cabo Verde,2005,0.5,57.7,0.1,0.3,0
126,Cabo Verde,2010,0.5,61.8,0.1,0.3,0
126,Cabo Verde,2011,0.5,62.3,0.1,0.3,0
126,Cabo Verde,2012,0.5,62.8,0.1,0.3,0
126,Cabo Verde,2013,0.5,63.3,0.1,0.3,0
126,Cabo Verde,2014,0.5,63.8,0.1,0.3,0
126,Cabo Verde,2015,0.5,64.3,0.1,0.3,0
126,Cabo Verde,2016,0.5,64.8,0.1,0.3,0
126,Cabo Verde,2017,0.5,65.3,0.1,0.4,0
126,Cabo Verde,2018,0.5,65.7,0.1,0.4,0
146,Cambodia,1990,9,15.5,1.7,4.7,0.3
146,Cambodia,1995,10.7,17.3,1.8,5.4,0.3
146,Cambodia,2000,12.2,18.6,1.6,6.7,0.4
146,Cambodia,2005,13.3,19.2,1.5,7.9,0.5
146,Cambodia,2010,14.3,20.3,1.7,9,0.5
146,Cambodia,2011,14.5,20.7,1.7,9.2,0.6
146,Cambodia,2012,14.8,21,1.8,9.4,0.6
146,Cambodia,2013,15,21.4,1.8,9.6,0.6
146,Cambodia,2014,15.3,21.8,1.8,9.8,0.6
146,Cambodia,2015,15.5,22.2,1.8,10,0.6
146,Cambodia,2016,15.8,22.6,1.8,10.1,0.7
146,Cambodia,2017,16,23,1.8,10.3,0.7
146,Cambodia,2018,16.3,23.4,1.8,10.4,0.7
150,Cameroon,1990,11.8,39.7,2.2,5.9,0.4
150,Cameroon,1995,13.6,42.6,2.4,6.9,0.4
150,Cameroon,2000,15.5,45.5,2.6,8,0.5
150,Cameroon,2005,17.7,48.5,3,9.4,0.5
150,Cameroon,2010,20.3,51.6,3.5,10.9,0.6
150,Cameroon,2011,20.9,52.2,3.5,11.2,0.6
150,Cameroon,2012,21.5,52.8,3.6,11.5,0.6
150,Cameroon,2013,22.1,53.4,3.7,11.9,0.6
150,Cameroon,2014,22.7,54,3.8,12.2,0.6
150,Cameroon,2015,23.3,54.6,3.8,12.6,0.6
150,Cameroon,2016,23.9,55.2,3.9,13,0.7
150,Cameroon,2017,24.6,55.8,3.9,13.4,0.7
150,Cameroon,2018,25.2,56.4,4,13.8,0.7
13,Canada,1990,27.5,76.6,1.9,18.7,3.1
13,Canada,1995,29.2,77.7,2,19.7,3.5
13,Canada,2000,30.6,79.5,1.8,20.9,3.8
13,Canada,2005,32.2,80.1,1.7,22.3,4.2
13,Canada,2010,34.1,80.9,1.9,23.7,4.8
13,Canada,2011,34.5,81.1,1.9,23.9,5
13,Canada,2012,34.9,81.1,1.9,24.1,5.2
13,Canada,2013,35.3,81.2,1.9,24.2,5.4
13,Canada,2014,35.7,81.2,1.9,24.4,5.6
13,Canada,2015,36,81.3,1.9,24.5,5.8
13,Canada,2016,36.4,81.3,1.9,24.6,6
13,Canada,2017,36.7,81.4,1.9,24.7,6.2
13,Canada,2018,37.1,81.4,2,24.8,6.4
188,Central African Republic,1990,2.8,36.8,0.5,1.5,0.1
188,Central African Republic,1995,3.2,37.2,0.5,1.7,0.1
188,Central African Republic,2000,3.6,37.6,0.6,1.9,0.1
188,Central African Republic,2005,4,38.1,0.7,2.1,0.1
188,Central African Republic,2010,4.4,38.9,0.7,2.3,0.1
188,Central African Republic,2011,4.4,39.1,0.7,2.3,0.1
188,Central African Republic,2012,4.4,39.4,0.7,2.3,0.1
188,Central African Republic,2013,4.4,39.7,0.7,2.3,0.1
188,Central African Republic,2014,4.5,40,0.7,2.3,0.1
188,Central African Republic,2015,4.5,40.3,0.7,2.3,0.1
188,Central African Republic,2016,4.5,40.6,0.7,2.4,0.1
188,Central African Republic,2017,4.6,41,0.7,2.4,0.1
188,Central African Republic,2018,4.7,41.4,0.7,2.5,0.1
187,Chad,1990,6,20.8,1.2,2.9,0.2
187,Chad,1995,7,21.5,1.4,3.4,0.2
187,Chad,2000,8.4,21.6,1.7,4,0.2
187,Chad,2005,10.1,21.8,2,4.9,0.3
187,Chad,2010,12,22,2.3,5.8,0.3
187,Chad,2011,12.4,22.1,2.4,6,0.3
187,Chad,2012,12.8,22.1,2.5,6.3,0.3
187,Chad,2013,13.2,22.2,2.5,6.5,0.3
187,Chad,2014,13.7,22.4,2.6,6.8,0.3
187,Chad,2015,14.1,22.5,2.6,7,0.3
187,Chad,2016,14.6,22.7,2.7,7.3,0.4
187,Chad,2017,15,22.9,2.8,7.5,0.4
187,Chad,2018,15.5,23.1,2.8,7.8,0.4
42,Chile,1990,13.3,83.3,1.4,8.5,0.8
42,Chile,1995,14.4,84.5,1.5,9.2,1
42,Chile,2000,15.3,86.1,1.3,10,1.2
42,Chile,2005,16.2,86.8,1.2,10.8,1.4
42,Chile,2010,17.1,87.1,1.2,11.7,1.6
42,Chile,2011,17.2,87.1,1.2,11.8,1.6
42,Chile,2012,17.4,87.2,1.2,12,1.7
42,Chile,2013,17.6,87.2,1.2,12.1,1.8
42,Chile,2014,17.8,87.3,1.2,12.2,1.8
42,Chile,2015,18,87.4,1.2,12.4,1.9
42,Chile,2016,18.2,87.4,1.2,12.5,2
42,Chile,2017,18.5,87.5,1.2,12.7,2.1
42,Chile,2018,18.7,87.6,1.2,12.9,2.2
85,China,1990,1176.9,26.4,133,774.2,66.3
85,China,1995,1240.9,31,100.5,829.5,76
85,China,2000,1290.6,35.9,88.7,882.7,87.9
85,China,2005,1330.8,42.5,83.1,960.3,99.6
85,China,2010,1368.8,49.2,84.6,1002.9,110.5
85,China,2011,1376.5,50.5,85.7,1008,113.7
85,China,2012,1384.2,51.8,86.4,1012.9,117
85,China,2013,1391.9,53,86.7,1017.2,120.8
85,China,2014,1399.5,54.3,86.9,1020.2,125.5
85,China,2015,1406.8,55.5,86.9,1021.6,131.3
85,China,2016,1414,56.7,86.9,1021,138.6
85,China,2017,1421,58,86.5,1019.1,147
85,China,2018,1427.6,59.2,85.9,1016.5,155.9
79,Colombia,1990,33.1,69.5,4.2,19.8,1.4
79,Colombia,1995,36.4,71.8,4.4,22.2,1.7
79,Colombia,2000,39.6,74,4.4,24.7,2.1
79,Colombia,2005,42.6,76,4.2,27.2,2.5
79,Colombia,2010,45.2,78,3.8,29.9,3
79,Colombia,2011,45.7,78.3,3.7,30.4,3.1
79,Colombia,2012,46.1,78.7,3.7,30.8,3.2
79,Colombia,2013,46.5,79.1,3.7,31.3,3.3
79,Colombia,2014,47,79.4,3.7,31.7,3.5
79,Colombia,2015,47.5,79.8,3.7,32.2,3.7
79,Colombia,2016,48.2,80.1,3.7,32.8,3.8
79,Colombia,2017,48.9,80.4,3.7,33.4,4
79,Colombia,2018,49.7,80.8,3.7,34,4.2
156,Comoros,1990,0.4,27.9,0.1,0.2,0
156,Comoros,1995,0.5,28.3,0.1,0.2,0
156,Comoros,2000,0.5,28.1,0.1,0.3,0
156,Comoros,2005,0.6,27.9,0.1,0.3,0
156,Comoros,2010,0.7,28,0.1,0.4,0
156,Comoros,2011,0.7,28,0.1,0.4,0
156,Comoros,2012,0.7,28.1,0.1,0.4,0
156,Comoros,2013,0.7,28.2,0.1,0.4,0
156,Comoros,2014,0.8,28.3,0.1,0.4,0
156,Comoros,2015,0.8,28.5,0.1,0.4,0
156,Comoros,2016,0.8,28.6,0.1,0.5,0
156,Comoros,2017,0.8,28.8,0.1,0.5,0
156,Comoros,2018,0.8,29,0.1,0.5,0
138,Congo,1990,2.4,54.3,0.4,1.2,0.1
138,Congo,1995,2.7,56.4,0.4,1.5,0.1
138,Congo,2000,3.1,58.7,0.5,1.7,0.1
138,Congo,2005,3.6,61,0.6,2,0.1
138,Congo,2010,4.3,63.3,0.7,2.4,0.1
138,Congo,2011,4.4,63.7,0.7,2.4,0.1
138,Congo,2012,4.5,64.2,0.7,2.5,0.1
138,Congo,2013,4.6,64.6,0.8,2.6,0.1
138,Congo,2014,4.7,65.1,0.8,2.6,0.1
138,Congo,2015,4.9,65.5,0.8,2.7,0.1
138,Congo,2016,5,66,0.8,2.8,0.1
138,Congo,2017,5.1,66.5,0.8,2.8,0.1
138,Congo,2018,5.2,66.9,0.8,2.9,0.1
179,Congo (Democratic Republic of the),1990,34.6,30.6,6.4,18,1
179,Congo (Democratic Republic of the),1995,41.6,32.8,7.7,21.5,1.2
179,Congo (Democratic Republic of the),2000,47.1,35.1,8.7,24.3,1.4
179,Congo (Democratic Republic of the),2005,54.8,37.5,10.2,28.1,1.6
179,Congo (Democratic Republic of the),2010,64.6,40,12.1,32.8,1.9
179,Congo (Democratic Republic of the),2011,66.8,40.5,12.6,33.9,2
179,Congo (Democratic Republic of the),2012,69,41.1,13,35,2.1
179,Congo (Democratic Republic of the),2013,71.4,41.6,13.4,36.1,2.2
179,Congo (Democratic Republic of the),2014,73.8,42.2,13.7,37.3,2.2
179,Congo (Democratic Republic of the),2015,76.2,42.7,14.1,38.6,2.3
179,Congo (Democratic Republic of the),2016,78.8,43.3,14.5,39.9,2.4
179,Congo (Democratic Republic of the),2017,81.4,43.9,14.9,41.3,2.5
179,Congo (Democratic Republic of the),2018,84.1,44.5,15.2,42.7,2.5
68,Costa Rica,1990,3.1,50,0.4,1.9,0.1
68,Costa Rica,1995,3.5,54.6,0.4,2.2,0.2
68,Costa Rica,2000,4,59.1,0.4,2.5,0.2
68,Costa Rica,2005,4.3,65.7,0.4,2.8,0.3
68,Costa Rica,2010,4.6,71.7,0.4,3.1,0.3
68,Costa Rica,2011,4.6,72.9,0.4,3.2,0.3
68,Costa Rica,2012,4.7,73.9,0.4,3.2,0.4
68,Costa Rica,2013,4.7,75,0.4,3.3,0.4
68,Costa Rica,2014,4.8,75.9,0.4,3.3,0.4
68,Costa Rica,2015,4.8,76.9,0.4,3.4,0.4
68,Costa Rica,2016,4.9,77.7,0.4,3.4,0.4
68,Costa Rica,2017,5,78.6,0.4,3.4,0.5
68,Costa Rica,2018,5,79.3,0.4,3.5,0.5
46,Croatia,1990,4.8,51,0.3,3.3,0.6
46,Croatia,1995,4.6,52.3,0.2,3.1,0.6
46,Croatia,2000,4.4,53.4,0.2,3,0.7
46,Croatia,2005,4.4,54.3,0.2,2.9,0.8
46,Croatia,2010,4.3,55.2,0.2,2.9,0.8
46,Croatia,2011,4.3,55.3,0.2,2.9,0.8
46,Croatia,2012,4.3,55.5,0.2,2.9,0.8
46,Croatia,2013,4.3,55.7,0.2,2.8,0.8
46,Croatia,2014,4.3,55.9,0.2,2.8,0.8
46,Croatia,2015,4.2,56.2,0.2,2.8,0.8
46,Croatia,2016,4.2,56.4,0.2,2.8,0.8
46,Croatia,2017,4.2,56.7,0.2,2.7,0.8
46,Croatia,2018,4.2,56.9,0.2,2.7,0.8
72,Cuba,1990,10.6,73.4,0.9,7.2,1
72,Cuba,1995,10.9,74.3,0.8,7.4,1
72,Cuba,2000,11.1,75.3,0.8,7.6,1.1
72,Cuba,2005,11.3,76.1,0.7,7.9,1.2
72,Cuba,2010,11.2,76.6,0.6,7.8,1.4
72,Cuba,2011,11.2,76.7,0.6,7.8,1.4
72,Cuba,2012,11.3,76.8,0.6,7.8,1.5
72,Cuba,2013,11.3,76.8,0.6,7.8,1.5
72,Cuba,2014,11.3,76.9,0.6,7.8,1.6
72,Cuba,2015,11.3,76.9,0.6,7.8,1.6
72,Cuba,2016,11.3,76.9,0.6,7.8,1.6
72,Cuba,2017,11.3,77,0.6,7.8,1.7
72,Cuba,2018,11.3,77,0.6,7.8,1.7
31,Cyprus,1990,0.8,66.8,0.1,0.5,0.1
31,Cyprus,1995,0.9,68,0.1,0.6,0.1
31,Cyprus,2000,0.9,68.6,0.1,0.6,0.1
31,Cyprus,2005,1,68.3,0.1,0.7,0.1
31,Cyprus,2010,1.1,67.6,0.1,0.8,0.1
31,Cyprus,2011,1.1,67.4,0.1,0.8,0.1
31,Cyprus,2012,1.1,67.3,0.1,0.8,0.1
31,Cyprus,2013,1.1,67.1,0.1,0.8,0.1
31,Cyprus,2014,1.2,67,0.1,0.8,0.1
31,Cyprus,2015,1.2,66.9,0.1,0.8,0.1
31,Cyprus,2016,1.2,66.9,0.1,0.8,0.2
31,Cyprus,2017,1.2,66.8,0.1,0.8,0.2
31,Cyprus,2018,1.2,66.8,0.1,0.8,0.2
26,Czechia,1990,10.3,75.2,0.6,6.8,1.3
26,Czechia,1995,10.4,74.6,0.6,7.1,1.4
26,Czechia,2000,10.3,74,0.4,7.2,1.4
26,Czechia,2005,10.3,73.6,0.5,7.3,1.4
26,Czechia,2010,10.5,73.3,0.6,7.4,1.6
26,Czechia,2011,10.6,73.2,0.6,7.4,1.7
26,Czechia,2012,10.6,73.2,0.6,7.3,1.7
26,Czechia,2013,10.6,73.3,0.6,7.2,1.8
26,Czechia,2014,10.6,73.4,0.6,7.2,1.9
26,Czechia,2015,10.6,73.5,0.6,7.1,1.9
26,Czechia,2016,10.6,73.6,0.5,7,2
26,Czechia,2017,10.6,73.7,0.5,7,2
26,Czechia,2018,10.7,73.8,0.5,6.9,2.1
165,Côte d'Ivoire,1990,11.9,39.3,2.1,6.2,0.3
165,Côte d'Ivoire,1995,14.2,41.2,2.5,7.6,0.4
165,Côte d'Ivoire,2000,16.5,43.2,2.8,8.8,0.5
165,Côte d'Ivoire,2005,18.4,45.2,3.1,9.7,0.5
165,Côte d'Ivoire,2010,20.5,47.3,3.3,11,0.6
165,Côte d'Ivoire,2011,21,47.8,3.4,11.3,0.6
165,Côte d'Ivoire,2012,21.5,48.2,3.5,11.6,0.6
165,Côte d'Ivoire,2013,22.1,48.6,3.5,12,0.6
165,Côte d'Ivoire,2014,22.6,49,3.6,12.3,0.6
165,Côte d'Ivoire,2015,23.2,49.4,3.7,12.7,0.7
165,Côte d'Ivoire,2016,23.8,49.9,3.8,13.1,0.7
165,Côte d'Ivoire,2017,24.4,50.3,3.9,13.4,0.7
165,Côte d'Ivoire,2018,25.1,50.8,4,13.8,0.7
11,Denmark,1990,5.1,84.8,0.3,3.5,0.8
11,Denmark,1995,5.2,85,0.3,3.5,0.8
11,Denmark,2000,5.3,85.1,0.3,3.6,0.8
11,Denmark,2005,5.4,85.9,0.3,3.6,0.8
11,Denmark,2010,5.6,86.8,0.3,3.6,0.9
11,Denmark,2011,5.6,87,0.3,3.6,1
11,Denmark,2012,5.6,87.1,0.3,3.6,1
11,Denmark,2013,5.6,87.3,0.3,3.6,1
11,Denmark,2014,5.7,87.4,0.3,3.6,1.1
11,Denmark,2015,5.7,87.5,0.3,3.6,1.1
11,Denmark,2016,5.7,87.6,0.3,3.7,1.1
11,Denmark,2017,5.7,87.8,0.3,3.7,1.1
11,Denmark,2018,5.8,87.9,0.3,3.7,1.1
171,Djibouti,1990,0.6,76,0.1,0.3,0
171,Djibouti,1995,0.6,76.3,0.1,0.3,0
171,Djibouti,2000,0.7,76.5,0.1,0.4,0
171,Djibouti,2005,0.8,76.8,0.1,0.5,0
171,Djibouti,2010,0.8,77,0.1,0.5,0
171,Djibouti,2011,0.9,77.1,0.1,0.5,0
171,Djibouti,2012,0.9,77.1,0.1,0.6,0
171,Djibouti,2013,0.9,77.2,0.1,0.6,0
171,Djibouti,2014,0.9,77.3,0.1,0.6,0
171,Djibouti,2015,0.9,77.4,0.1,0.6,0
171,Djibouti,2016,0.9,77.5,0.1,0.6,0
171,Djibouti,2017,0.9,77.6,0.1,0.6,0
171,Djibouti,2018,1,77.8,0.1,0.6,0
98,Dominica,1990,0.1,63.1,,,
98,Dominica,1995,0.1,64.8,,,
98,Dominica,2000,0.1,65.3,,,
98,Dominica,2005,0.1,66.6,,,
98,Dominica,2010,0.1,68.1,,,
98,Dominica,2011,0.1,68.4,,,
98,Dominica,2012,0.1,68.7,,,
98,Dominica,2013,0.1,69,,,
98,Dominica,2014,0.1,69.3,,,
98,Dominica,2015,0.1,69.6,,,
98,Dominica,2016,0.1,69.9,,,
98,Dominica,2017,0.1,70.2,,,
98,Dominica,2018,0.1,70.5,,,
89,Dominican Republic,1990,7.1,55.2,1,4.1,0.3
89,Dominican Republic,1995,7.8,57.6,1,4.6,0.3
89,Dominican Republic,2000,8.5,61.8,1,5.1,0.4
89,Dominican Republic,2005,9.1,67.4,1,5.6,0.5
89,Dominican Republic,2010,9.7,73.8,1,6.2,0.6
89,Dominican Republic,2011,9.8,74.8,1,6.3,0.6
89,Dominican Republic,2012,9.9,75.8,1,6.4,0.6
89,Dominican Republic,2013,10,76.7,1,6.5,0.6
89,Dominican Republic,2014,10.2,77.7,1,6.6,0.6
89,Dominican Republic,2015,10.3,78.6,1,6.6,0.7
89,Dominican Republic,2016,10.4,79.4,1,6.7,0.7
89,Dominican Republic,2017,10.5,80.3,1,6.8,0.7
89,Dominican Republic,2018,10.6,81.1,1,6.9,0.8
85,Ecuador,1990,10.2,55.1,1.4,5.9,0.4
85,Ecuador,1995,11.5,57.8,1.5,6.8,0.5
85,Ecuador,2000,12.7,60.3,1.6,7.6,0.6
85,Ecuador,2005,13.8,61.7,1.6,8.5,0.7
85,Ecuador,2010,15,62.7,1.6,9.5,0.9
85,Ecuador,2011,15.2,62.9,1.6,9.6,0.9
85,Ecuador,2012,15.5,63,1.6,9.8,1
85,Ecuador,2013,15.7,63.1,1.6,10,1
85,Ecuador,2014,16,63.3,1.6,10.2,1
85,Ecuador,2015,16.2,63.4,1.6,10.4,1.1
85,Ecuador,2016,16.5,63.5,1.6,10.6,1.1
85,Ecuador,2017,16.8,63.7,1.6,10.9,1.2
85,Ecuador,2018,17.1,63.8,1.7,11.1,1.2
116,Egypt,1990,56.1,43.5,8.7,30.7,2.6
116,Egypt,1995,62.3,42.8,8.4,34.8,3
116,Egypt,2000,68.8,42.8,8.6,40.1,3.4
116,Egypt,2005,75.5,43,8.8,46.3,3.7
116,Egypt,2010,82.8,43,9.7,51.9,4
116,Egypt,2011,84.5,43,10.2,52.9,4.1
116,Egypt,2012,86.4,42.9,10.7,53.9,4.3
116,Egypt,2013,88.4,42.9,11.4,54.9,4.4
116,Egypt,2014,90.4,42.8,11.9,55.9,4.6
116,Egypt,2015,92.4,42.8,12.4,56.9,4.7
116,Egypt,2016,94.4,42.7,12.9,57.8,4.9
116,Egypt,2017,96.4,42.7,13.1,58.9,5
116,Egypt,2018,98.4,42.7,13,60,5.1
124,El Salvador,1990,5.3,49.3,0.7,2.9,0.2
124,El Salvador,1995,5.6,54,0.8,3.2,0.3
124,El Salvador,2000,5.9,58.9,0.8,3.4,0.3
124,El Salvador,2005,6.1,61.6,0.7,3.6,0.4
124,El Salvador,2010,6.2,65.5,0.6,3.8,0.4
124,El Salvador,2011,6.2,66.3,0.6,3.8,0.4
124,El Salvador,2012,6.2,67.2,0.6,3.9,0.5
124,El Salvador,2013,6.3,68,0.6,3.9,0.5
124,El Salvador,2014,6.3,68.9,0.6,4,0.5
124,El Salvador,2015,6.3,69.7,0.6,4,0.5
124,El Salvador,2016,6.4,70.5,0.6,4.1,0.5
124,El Salvador,2017,6.4,71.3,0.6,4.1,0.5
124,El Salvador,2018,6.4,72,0.6,4.1,0.5
144,Equatorial Guinea,1990,0.4,34.7,0.1,0.2,0
144,Equatorial Guinea,1995,0.5,40.5,0.1,0.3,0
144,Equatorial Guinea,2000,0.6,49.1,0.1,0.3,0
144,Equatorial Guinea,2005,0.8,57.7,0.1,0.4,0
144,Equatorial Guinea,2010,0.9,65.9,0.1,0.6,0
144,Equatorial Guinea,2011,1,67.5,0.2,0.6,0
144,Equatorial Guinea,2012,1,69,0.2,0.6,0
144,Equatorial Guinea,2013,1.1,69.5,0.2,0.6,0
144,Equatorial Guinea,2014,1.1,70.1,0.2,0.7,0
144,Equatorial Guinea,2015,1.2,70.6,0.2,0.7,0
144,Equatorial Guinea,2016,1.2,71.1,0.2,0.7,0
144,Equatorial Guinea,2017,1.3,71.6,0.2,0.8,0
144,Equatorial Guinea,2018,1.3,72.1,0.2,0.8,0
182,Eritrea,1990,2.3,18.9,0.4,1.2,0.1
182,Eritrea,1995,2.2,22.5,0.4,1.1,0.1
182,Eritrea,2000,2.3,26.6,0.3,1.2,0.1
182,Eritrea,2005,2.8,31.1,0.4,1.6,0.1
182,Eritrea,2010,3.2,35.2,0.5,1.8,0.1
182,Eritrea,2011,3.2,35.8,0.5,1.8,0.1
182,Eritrea,2012,3.3,36.4,0.5,1.8,0.1
182,Eritrea,2013,3.3,37,0.5,1.8,0.1
182,Eritrea,2014,3.3,37.6,0.5,1.8,0.1
182,Eritrea,2015,3.3,38.2,0.5,1.8,0.1
182,Eritrea,2016,3.4,38.8,0.5,1.8,0.1
182,Eritrea,2017,3.4,39.5,0.5,1.8,0.2
182,Eritrea,2018,3.5,40.1,0.5,1.9,0.2
30,Estonia,1990,1.6,71.2,0.1,1,0.2
30,Estonia,1995,1.4,70.3,0.1,0.9,0.2
30,Estonia,2000,1.4,69.4,0.1,0.9,0.2
30,Estonia,2005,1.4,68.7,0.1,0.9,0.2
30,Estonia,2010,1.3,68.1,0.1,0.9,0.2
30,Estonia,2011,1.3,68,0.1,0.9,0.2
30,Estonia,2012,1.3,68,0.1,0.9,0.2
30,Estonia,2013,1.3,68.1,0.1,0.9,0.2
30,Estonia,2014,1.3,68.3,0.1,0.9,0.2
30,Estonia,2015,1.3,68.4,0.1,0.9,0.2
30,Estonia,2016,1.3,68.6,0.1,0.9,0.3
30,Estonia,2017,1.3,68.7,0.1,0.9,0.3
30,Estonia,2018,1.3,68.9,0.1,0.8,0.3
138,Eswatini (Kingdom of),1990,0.8,20.2,0.1,0.4,0
138,Eswatini (Kingdom of),1995,0.9,22.3,0.2,0.5,0
138,Eswatini (Kingdom of),2000,1,22.7,0.1,0.5,0
138,Eswatini (Kingdom of),2005,1,22,0.1,0.6,0
138,Eswatini (Kingdom of),2010,1.1,22.5,0.2,0.6,0
138,Eswatini (Kingdom of),2011,1.1,22.7,0.2,0.6,0
138,Eswatini (Kingdom of),2012,1.1,22.8,0.2,0.6,0
138,Eswatini (Kingdom of),2013,1.1,23,0.1,0.6,0
138,Eswatini (Kingdom of),2014,1.1,23.1,0.1,0.6,0
138,Eswatini (Kingdom of),2015,1.1,23.3,0.1,0.6,0
138,Eswatini (Kingdom of),2016,1.1,23.5,0.1,0.6,0
138,Eswatini (Kingdom of),2017,1.1,23.6,0.1,0.6,0
138,Eswatini (Kingdom of),2018,1.1,23.8,0.1,0.7,0
173,Ethiopia,1990,47.9,12.6,9.1,24.2,1.5
173,Ethiopia,1995,57,13.8,10.5,28.7,1.8
173,Ethiopia,2000,66.2,14.7,12.3,33.4,2.1
173,Ethiopia,2005,76.3,15.7,13.6,38.5,2.4
173,Ethiopia,2010,87.6,17.3,14.2,45.4,2.9
173,Ethiopia,2011,90.1,17.7,14.4,47.1,3
173,Ethiopia,2012,92.7,18.2,14.7,48.9,3.1
173,Ethiopia,2013,95.4,18.6,14.9,50.8,3.2
173,Ethiopia,2014,98.1,19,15.2,52.8,3.4
173,Ethiopia,2015,100.8,19.4,15.5,54.8,3.5
173,Ethiopia,2016,103.6,19.9,15.8,56.8,3.6
173,Ethiopia,2017,106.4,20.3,16.1,58.8,3.7
173,Ethiopia,2018,109.2,20.8,16.3,60.9,3.8
98,Fiji,1990,0.7,41.6,0.1,0.4,0
98,Fiji,1995,0.8,45.5,0.1,0.5,0
98,Fiji,2000,0.8,47.9,0.1,0.5,0
98,Fiji,2005,0.8,49.9,0.1,0.5,0
98,Fiji,2010,0.9,52.2,0.1,0.6,0
98,Fiji,2011,0.9,52.7,0.1,0.6,0
98,Fiji,2012,0.9,53.2,0.1,0.6,0
98,Fiji,2013,0.9,53.7,0.1,0.6,0
98,Fiji,2014,0.9,54.2,0.1,0.6,0
98,Fiji,2015,0.9,54.7,0.1,0.6,0
98,Fiji,2016,0.9,55.2,0.1,0.6,0
98,Fiji,2017,0.9,55.7,0.1,0.6,0
98,Fiji,2018,0.9,56.2,0.1,0.6,0
12,Finland,1990,5,79.4,0.3,3.4,0.7
12,Finland,1995,5.1,81,0.3,3.4,0.7
12,Finland,2000,5.2,82.2,0.3,3.5,0.8
12,Finland,2005,5.3,82.9,0.3,3.5,0.8
12,Finland,2010,5.4,83.8,0.3,3.6,0.9
12,Finland,2011,5.4,84.3,0.3,3.5,1
12,Finland,2012,5.4,84.8,0.3,3.5,1
12,Finland,2013,5.4,85.1,0.3,3.5,1
12,Finland,2014,5.5,85.2,0.3,3.5,1.1
12,Finland,2015,5.5,85.2,0.3,3.5,1.1
12,Finland,2016,5.5,85.3,0.3,3.5,1.1
12,Finland,2017,5.5,85.3,0.3,3.4,1.2
12,Finland,2018,5.5,85.4,0.3,3.4,1.2
26,France,1990,56.7,74.1,3.8,37.3,8
26,France,1995,57.8,74.9,3.6,37.7,8.8
26,France,2000,59,75.9,3.7,38.4,9.5
26,France,2005,61.1,77.1,3.8,39.7,10.1
26,France,2010,62.9,78.4,3.9,40.7,10.6
26,France,2011,63.2,78.6,4,40.7,10.8
26,France,2012,63.6,78.9,4,40.7,11.1
26,France,2013,63.9,79.1,4,40.6,11.5
26,France,2014,64.2,79.4,3.9,40.5,11.8
26,France,2015,64.5,79.7,3.9,40.5,12.2
26,France,2016,64.7,79.9,3.9,40.4,12.5
26,France,2017,64.8,80.2,3.8,40.3,12.8
26,France,2018,65,80.4,3.7,40.3,13
115,Gabon,1990,0.9,69.1,0.2,0.5,0.1
115,Gabon,1995,1.1,74.8,0.2,0.6,0.1
115,Gabon,2000,1.2,78.9,0.2,0.7,0.1
115,Gabon,2005,1.4,82.5,0.2,0.8,0.1
115,Gabon,2010,1.6,85.5,0.2,0.9,0.1
115,Gabon,2011,1.7,86.1,0.2,1,0.1
115,Gabon,2012,1.8,86.6,0.3,1,0.1
115,Gabon,2013,1.8,87.2,0.3,1.1,0.1
115,Gabon,2014,1.9,87.7,0.3,1.1,0.1
115,Gabon,2015,1.9,88.1,0.3,1.2,0.1
115,Gabon,2016,2,88.6,0.3,1.2,0.1
115,Gabon,2017,2.1,89,0.3,1.2,0.1
115,Gabon,2018,2.1,89.4,0.3,1.3,0.1
174,Gambia,1990,1,38.3,0.2,0.5,0
174,Gambia,1995,1.1,43.4,0.2,0.6,0
174,Gambia,2000,1.3,47.9,0.2,0.7,0
174,Gambia,2005,1.5,52,0.3,0.8,0
174,Gambia,2010,1.8,55.7,0.3,0.9,0
174,Gambia,2011,1.8,56.4,0.3,1,0
174,Gambia,2012,1.9,57.1,0.3,1,0.1
174,Gambia,2013,2,57.8,0.3,1,0.1
174,Gambia,2014,2,58.5,0.4,1.1,0.1
174,Gambia,2015,2.1,59.2,0.4,1.1,0.1
174,Gambia,2016,2.1,59.9,0.4,1.1,0.1
174,Gambia,2017,2.2,60.6,0.4,1.2,0.1
174,Gambia,2018,2.3,61.3,0.4,1.2,0.1
70,Georgia,1990,5.4,55,0.5,3.6,0.5
70,Georgia,1995,5,53.8,0.3,3.3,0.6
70,Georgia,2000,4.4,52.6,0.3,2.9,0.6
70,Georgia,2005,4.2,53.6,0.2,2.8,0.6
70,Georgia,2010,4.1,55.5,0.3,2.8,0.6
70,Georgia,2011,4.1,55.9,0.3,2.8,0.6
70,Georgia,2012,4.1,56.3,0.3,2.7,0.6
70,Georgia,2013,4,56.7,0.3,2.7,0.6
70,Georgia,2014,4,57.1,0.3,2.7,0.6
70,Georgia,2015,4,57.4,0.3,2.7,0.6
70,Georgia,2016,4,57.8,0.3,2.7,0.6
70,Georgia,2017,4,58.2,0.3,2.6,0.6
70,Georgia,2018,4,58.6,0.3,2.6,0.6
4,Germany,1990,79.1,73.1,4.3,54.7,11.8
4,Germany,1995,81.1,73.9,4.1,55.4,12.6
4,Germany,2000,81.4,75,3.9,55.2,13.4
4,Germany,2005,81.6,76,3.6,54.4,15.4
4,Germany,2010,80.8,77,3.4,53.2,16.6
4,Germany,2011,80.9,77.2,3.4,53.2,16.7
4,Germany,2012,81,77.2,3.4,53.2,16.9
4,Germany,2013,81.2,77.2,3.4,53.4,17
4,Germany,2014,81.5,77.2,3.4,53.5,17.2
4,Germany,2015,81.8,77.2,3.5,53.6,17.4
4,Germany,2016,82.2,77.2,3.6,53.8,17.5
4,Germany,2017,82.7,77.3,3.7,53.9,17.7
4,Germany,2018,83.1,77.3,3.9,54,17.8
142,Ghana,1990,14.8,36.4,2.5,7.8,0.4
142,Ghana,1995,17,40.1,2.8,9.2,0.5
142,Ghana,2000,19.3,43.9,3.1,10.5,0.6
142,Ghana,2005,21.8,47.3,3.3,12.3,0.6
142,Ghana,2010,24.8,50.7,3.6,14.3,0.7
142,Ghana,2011,25.4,51.4,3.7,14.7,0.7
142,Ghana,2012,26,52.1,3.8,15.1,0.8
142,Ghana,2013,26.6,52.7,3.8,15.5,0.8
142,Ghana,2014,27.2,53.4,3.9,16,0.8
142,Ghana,2015,27.8,54.1,4,16.4,0.8
142,Ghana,2016,28.5,54.7,4,16.8,0.9
142,Ghana,2017,29.1,55.4,4.1,17.2,0.9
142,Ghana,2018,29.8,56.1,4.1,17.7,0.9
32,Greece,1990,10.2,71.5,0.6,6.8,1.4
32,Greece,1995,10.7,72.1,0.5,7.3,1.6
32,Greece,2000,11.1,72.7,0.5,7.6,1.8
32,Greece,2005,11.2,74.5,0.5,7.6,2
32,Greece,2010,10.9,76.3,0.6,7.2,2.1
32,Greece,2011,10.8,76.6,0.5,7.1,2.1
32,Greece,2012,10.8,77,0.5,7,2.1
32,Greece,2013,10.7,77.4,0.5,7,2.2
32,Greece,2014,10.7,77.7,0.5,6.9,2.2
32,Greece,2015,10.7,78,0.5,6.9,2.2
32,Greece,2016,10.6,78.4,0.5,6.8,2.2
32,Greece,2017,10.6,78.7,0.4,6.8,2.3
32,Greece,2018,10.5,79.1,0.4,6.8,2.3
78,Grenada,1990,0.1,33.4,0,0.1,0
78,Grenada,1995,0.1,34.5,0,0.1,0
78,Grenada,2000,0.1,35.7,0,0.1,0
78,Grenada,2005,0.1,35.9,0,0.1,0
78,Grenada,2010,0.1,35.9,0,0.1,0
78,Grenada,2011,0.1,35.9,0,0.1,0
78,Grenada,2012,0.1,35.9,0,0.1,0
78,Grenada,2013,0.1,35.9,0,0.1,0
78,Grenada,2014,0.1,35.9,0,0.1,0
78,Grenada,2015,0.1,36,0,0.1,0
78,Grenada,2016,0.1,36.1,0,0.1,0
78,Grenada,2017,0.1,36.2,0,0.1,0
78,Grenada,2018,0.1,36.3,0,0.1,0
126,Guatemala,1990,9.3,42,1.6,4.7,0.3
126,Guatemala,1995,10.4,43.7,1.8,5.3,0.4
126,Guatemala,2000,11.7,45.3,1.9,6.1,0.5
126,Guatemala,2005,13.1,46.9,2,7,0.5
126,Guatemala,2010,14.6,48.4,1.9,8.2,0.6
126,Guatemala,2011,14.9,48.7,1.9,8.5,0.6
126,Guatemala,2012,15.3,49,1.9,8.8,0.7
126,Guatemala,2013,15.6,49.3,2,9.1,0.7
126,Guatemala,2014,15.9,49.6,2,9.3,0.7
126,Guatemala,2015,16.3,50,2,9.6,0.7
126,Guatemala,2016,16.6,50.3,2,9.9,0.8
126,Guatemala,2017,16.9,50.7,2,10.2,0.8
126,Guatemala,2018,17.2,51.1,2,10.5,0.8
174,Guinea,1990,6.4,28,1.2,3.3,0.2
174,Guinea,1995,7.3,29.5,1.3,3.7,0.3
174,Guinea,2000,8.2,30.9,1.5,4.1,0.3
174,Guinea,2005,9.1,32.3,1.6,4.6,0.3
174,Guinea,2010,10.2,33.7,1.8,5.2,0.3
174,Guinea,2011,10.4,34,1.8,5.3,0.3
174,Guinea,2012,10.7,34.3,1.8,5.5,0.3
174,Guinea,2013,10.9,34.5,1.9,5.6,0.3
174,Guinea,2014,11.2,34.8,1.9,5.8,0.3
174,Guinea,2015,11.4,35.1,1.9,6,0.3
174,Guinea,2016,11.7,35.5,1.9,6.2,0.3
174,Guinea,2017,12.1,35.8,2,6.4,0.4
174,Guinea,2018,12.4,36.1,2,6.6,0.4
178,Guinea-Bissau,1990,1,30.8,0.2,0.5,0
178,Guinea-Bissau,1995,1.1,34.4,0.2,0.6,0
178,Guinea-Bissau,2000,1.2,36.2,0.2,0.6,0
178,Guinea-Bissau,2005,1.3,38.2,0.2,0.7,0
178,Guinea-Bissau,2010,1.5,40.1,0.3,0.8,0
178,Guinea-Bissau,2011,1.6,40.5,0.3,0.8,0
178,Guinea-Bissau,2012,1.6,40.9,0.3,0.9,0
178,Guinea-Bissau,2013,1.6,41.3,0.3,0.9,0
178,Guinea-Bissau,2014,1.7,41.7,0.3,0.9,0
178,Guinea-Bissau,2015,1.7,42.1,0.3,0.9,0
178,Guinea-Bissau,2016,1.8,42.5,0.3,1,0
178,Guinea-Bissau,2017,1.8,42.9,0.3,1,0.1
178,Guinea-Bissau,2018,1.9,43.4,0.3,1,0.1
123,Guyana,1990,0.7,29.6,0.1,0.4,0
123,Guyana,1995,0.8,29.1,0.1,0.5,0
123,Guyana,2000,0.7,28.7,0.1,0.5,0
123,Guyana,2005,0.7,27.8,0.1,0.4,0
123,Guyana,2010,0.7,26.6,0.1,0.5,0
123,Guyana,2011,0.8,26.4,0.1,0.5,0
123,Guyana,2012,0.8,26.4,0.1,0.5,0
123,Guyana,2013,0.8,26.4,0.1,0.5,0
123,Guyana,2014,0.8,26.4,0.1,0.5,0
123,Guyana,2015,0.8,26.4,0.1,0.5,0
123,Guyana,2016,0.8,26.5,0.1,0.5,0
123,Guyana,2017,0.8,26.5,0.1,0.5,0
123,Guyana,2018,0.8,26.6,0.1,0.5,0.1
169,Haiti,1990,7,28.5,1.1,3.7,0.3
169,Haiti,1995,7.7,32.6,1.2,4.1,0.3
169,Haiti,2000,8.5,35.6,1.2,4.7,0.3
169,Haiti,2005,9.2,42.6,1.2,5.3,0.4
169,Haiti,2010,9.9,47.5,1.3,5.9,0.4
169,Haiti,2011,10.1,48.5,1.3,6,0.5
169,Haiti,2012,10.3,49.5,1.3,6.1,0.5
169,Haiti,2013,10.4,50.5,1.3,6.3,0.5
169,Haiti,2014,10.5,51.4,1.3,6.4,0.5
169,Haiti,2015,10.7,52.4,1.3,6.5,0.5
169,Haiti,2016,10.8,53.4,1.3,6.6,0.5
169,Haiti,2017,11,54.3,1.3,6.8,0.5
169,Haiti,2018,11.1,55.3,1.3,6.9,0.6
132,Honduras,1990,5,40.5,0.9,2.5,0.2
132,Honduras,1995,5.7,42.9,0.9,3,0.2
132,Honduras,2000,6.6,45.5,1.1,3.5,0.2
132,Honduras,2005,7.5,48.6,1.1,4.1,0.3
132,Honduras,2010,8.3,51.9,1,4.9,0.3
132,Honduras,2011,8.5,52.5,1,5,0.3
132,Honduras,2012,8.6,53.2,1,5.2,0.4
132,Honduras,2013,8.8,53.9,1,5.3,0.4
132,Honduras,2014,9,54.5,1,5.5,0.4
132,Honduras,2015,9.1,55.2,1,5.6,0.4
132,Honduras,2016,9.3,55.8,1,5.8,0.4
132,Honduras,2017,9.4,56.5,1,5.9,0.4
132,Honduras,2018,9.6,57.1,1,6.1,0.5
4,"Hong Kong, China (SAR)",1990,5.7,99.5,0.4,4,0.5
4,"Hong Kong, China (SAR)",1995,6.1,100,0.3,4.3,0.6
4,"Hong Kong, China (SAR)",2000,6.6,100,0.3,4.8,0.7
4,"Hong Kong, China (SAR)",2005,6.8,100,0.2,5,0.8
4,"Hong Kong, China (SAR)",2010,7,100,0.2,5.2,0.9
4,"Hong Kong, China (SAR)",2011,7,100,0.2,5.3,0.9
4,"Hong Kong, China (SAR)",2012,7,100,0.3,5.3,1
4,"Hong Kong, China (SAR)",2013,7.1,100,0.3,5.3,1
4,"Hong Kong, China (SAR)",2014,7.1,100,0.3,5.3,1
4,"Hong Kong, China (SAR)",2015,7.2,100,0.3,5.3,1.1
4,"Hong Kong, China (SAR)",2016,7.2,100,0.3,5.3,1.1
4,"Hong Kong, China (SAR)",2017,7.3,100,0.3,5.3,1.2
4,"Hong Kong, China (SAR)",2018,7.4,100,0.3,5.3,1.2
43,Hungary,1990,10.4,65.8,0.6,6.9,1.4
43,Hungary,1995,10.3,65.2,0.6,7,1.5
43,Hungary,2000,10.2,64.6,0.5,7,1.5
43,Hungary,2005,10.1,66.4,0.5,6.9,1.6
43,Hungary,2010,9.9,68.9,0.5,6.9,1.6
43,Hungary,2011,9.9,69.4,0.5,6.8,1.6
43,Hungary,2012,9.9,69.7,0.5,6.8,1.6
43,Hungary,2013,9.8,70,0.5,6.8,1.7
43,Hungary,2014,9.8,70.2,0.5,6.7,1.7
43,Hungary,2015,9.8,70.5,0.4,6.7,1.7
43,Hungary,2016,9.8,70.8,0.4,6.6,1.8
43,Hungary,2017,9.7,71.1,0.4,6.5,1.8
43,Hungary,2018,9.7,71.4,0.4,6.4,1.9
6,Iceland,1990,0.3,90.8,0,0.2,0
6,Iceland,1995,0.3,91.6,0,0.2,0
6,Iceland,2000,0.3,92.4,0,0.2,0
6,Iceland,2005,0.3,93,0,0.2,0
6,Iceland,2010,0.3,93.6,0,0.2,0
6,Iceland,2011,0.3,93.6,0,0.2,0
6,Iceland,2012,0.3,93.6,0,0.2,0
6,Iceland,2013,0.3,93.6,0,0.2,0
6,Iceland,2014,0.3,93.7,0,0.2,0
6,Iceland,2015,0.3,93.7,0,0.2,0
6,Iceland,2016,0.3,93.7,0,0.2,0
6,Iceland,2017,0.3,93.8,0,0.2,0
6,Iceland,2018,0.3,93.8,0,0.2,0.1
129,India,1990,873.3,25.5,122,508.5,33.2
129,India,1995,963.9,26.6,124.8,571.8,38.9
129,India,2000,1056.6,27.7,127.8,643.5,46.1
129,India,2005,1147.6,29.2,129.5,717.5,54.4
129,India,2010,1234.3,30.9,128.2,791.3,62.7
129,India,2011,1250.3,31.3,127.2,805.6,64.7
129,India,2012,1265.8,31.6,125.3,820.3,66.7
129,India,2013,1280.8,32,122.9,835.2,68.7
129,India,2014,1295.6,32.4,120.7,849.9,71
129,India,2015,1310.2,32.8,119,864,73.6
129,India,2016,1324.5,33.2,116.9,877.8,76.7
129,India,2017,1338.7,33.6,116.2,890.7,80.1
129,India,2018,1352.6,34,116.4,903.1,83.6
111,Indonesia,1990,181.4,30.6,22.3,108.4,6.8
111,Indonesia,1995,196.9,36.1,21.9,122.5,8.2
111,Indonesia,2000,211.5,42,21.3,136.7,9.9
111,Indonesia,2005,226.3,45.9,22.3,147.8,10.9
111,Indonesia,2010,241.8,49.9,23.2,160.1,12
111,Indonesia,2011,245.1,50.6,23.2,162.8,12.4
111,Indonesia,2012,248.5,51.3,23.5,165.5,12.7
111,Indonesia,2013,251.8,52,23.9,168.1,13.1
111,Indonesia,2014,255.1,52.6,24.3,170.8,13.5
111,Indonesia,2015,258.4,53.3,24.4,173.5,13.9
111,Indonesia,2016,261.6,54,24.8,175.9,14.4
111,Indonesia,2017,264.7,54.7,24.7,178.4,15
111,Indonesia,2018,267.7,55.3,24.4,180.9,15.7
65,Iran (Islamic Republic of),1990,56.4,56.3,9.3,28.8,1.9
65,Iran (Islamic Republic of),1995,61.4,60.2,7.3,33.6,2.3
65,Iran (Islamic Republic of),2000,65.6,64,5.8,40.5,2.9
65,Iran (Islamic Republic of),2005,69.8,67.6,5.7,47.7,3.3
65,Iran (Islamic Republic of),2010,73.8,70.6,6.3,52.2,3.8
65,Iran (Islamic Republic of),2011,74.6,71.2,6.4,52.9,3.9
65,Iran (Islamic Republic of),2012,75.5,71.8,6.5,53.6,4.1
65,Iran (Islamic Republic of),2013,76.5,72.3,6.6,54.2,4.2
65,Iran (Islamic Republic of),2014,77.5,72.8,6.8,54.7,4.4
65,Iran (Islamic Republic of),2015,78.5,73.4,6.9,55.2,4.6
65,Iran (Islamic Republic of),2016,79.6,73.9,7.1,55.7,4.7
65,Iran (Islamic Republic of),2017,80.7,74.4,7.3,56.2,4.9
65,Iran (Islamic Republic of),2018,81.8,74.9,7.4,56.7,5.1
120,Iraq,1990,17.4,69.7,3,8.8,0.7
120,Iraq,1995,20.1,68.8,3.3,10.5,0.7
120,Iraq,2000,23.5,68.5,3.8,12.6,0.8
120,Iraq,2005,26.9,68.8,4.2,14.7,0.9
120,Iraq,2010,29.7,69.1,4.5,16.3,1
120,Iraq,2011,30.7,69.3,4.6,17,1
120,Iraq,2012,31.9,69.4,4.8,17.9,1
120,Iraq,2013,33.2,69.6,5,18.8,1
120,Iraq,2014,34.4,69.8,5.1,19.6,1.1
120,Iraq,2015,35.6,69.9,5.3,20.5,1.1
120,Iraq,2016,36.6,70.1,5.4,21.1,1.2
120,Iraq,2017,37.6,70.3,5.4,21.8,1.2
120,Iraq,2018,38.4,70.5,5.4,22.4,1.3
3,Ireland,1990,3.5,56.9,0.3,2.2,0.4
3,Ireland,1995,3.6,57.9,0.2,2.3,0.4
3,Ireland,2000,3.8,59.2,0.3,2.6,0.4
3,Ireland,2005,4.1,60.5,0.3,2.9,0.4
3,Ireland,2010,4.6,61.5,0.4,3.1,0.5
3,Ireland,2011,4.6,61.7,0.4,3.1,0.5
3,Ireland,2012,4.6,61.9,0.4,3.1,0.5
3,Ireland,2013,4.6,62.1,0.4,3.1,0.6
3,Ireland,2014,4.6,62.3,0.4,3,0.6
3,Ireland,2015,4.7,62.5,0.4,3,0.6
3,Ireland,2016,4.7,62.7,0.3,3.1,0.6
3,Ireland,2017,4.8,62.9,0.3,3.1,0.6
3,Ireland,2018,4.8,63.2,0.3,3.1,0.7
22,Israel,1990,4.4,90.4,0.5,2.7,0.4
22,Israel,1995,5.3,90.9,0.5,3.2,0.5
22,Israel,2000,5.9,91.2,0.6,3.7,0.6
22,Israel,2005,6.5,91.5,0.7,4.1,0.7
22,Israel,2010,7.3,91.8,0.7,4.6,0.8
22,Israel,2011,7.5,91.9,0.8,4.6,0.8
22,Israel,2012,7.6,92,0.8,4.7,0.8
22,Israel,2013,7.7,92,0.8,4.8,0.8
22,Israel,2014,7.9,92.1,0.8,4.8,0.9
22,Israel,2015,8,92.2,0.8,4.9,0.9
22,Israel,2016,8.1,92.3,0.8,4.9,0.9
22,Israel,2017,8.2,92.3,0.8,5,1
22,Israel,2018,8.4,92.4,0.8,5,1
29,Italy,1990,57,66.7,2.8,39.2,8.5
29,Italy,1995,57.2,66.9,2.7,39.1,9.5
29,Italy,2000,56.7,67.2,2.6,38.2,10.4
29,Italy,2005,58.3,67.7,2.8,38.6,11.5
29,Italy,2010,59.3,68.3,2.8,38.9,12.1
29,Italy,2011,59.6,68.4,2.8,38.9,12.3
29,Italy,2012,59.9,68.7,2.8,38.9,12.6
29,Italy,2013,60.2,69,2.8,39,12.8
29,Italy,2014,60.4,69.3,2.7,39,13.1
29,Italy,2015,60.6,69.6,2.6,39,13.3
29,Italy,2016,60.7,69.9,2.6,38.9,13.5
29,Italy,2017,60.7,70.1,2.5,38.8,13.7
29,Italy,2018,60.6,70.4,2.4,38.8,13.8
96,Jamaica,1990,2.4,49.4,0.3,1.4,0.2
96,Jamaica,1995,2.5,50.6,0.3,1.5,0.2
96,Jamaica,2000,2.7,51.8,0.3,1.6,0.2
96,Jamaica,2005,2.7,52.8,0.3,1.7,0.2
96,Jamaica,2010,2.8,53.7,0.2,1.8,0.2
96,Jamaica,2011,2.8,53.9,0.2,1.8,0.2
96,Jamaica,2012,2.8,54.1,0.2,1.9,0.2
96,Jamaica,2013,2.9,54.4,0.2,1.9,0.2
96,Jamaica,2014,2.9,54.6,0.2,1.9,0.2
96,Jamaica,2015,2.9,54.8,0.2,1.9,0.2
96,Jamaica,2016,2.9,55.1,0.2,1.9,0.3
96,Jamaica,2017,2.9,55.4,0.2,2,0.3
96,Jamaica,2018,2.9,55.7,0.2,2,0.3
19,Japan,1990,124.5,77.3,6.8,86.7,14.8
19,Japan,1995,126.4,78,6.1,87.8,18.1
19,Japan,2000,127.5,78.6,6,87,21.7
19,Japan,2005,128.3,86,5.7,85.4,25.2
19,Japan,2010,128.5,90.8,5.6,82.5,28.9
19,Japan,2011,128.5,91.1,5.6,81.6,29.8
19,Japan,2012,128.4,91.1,5.6,80.8,30.7
19,Japan,2013,128.3,91.2,5.5,79.8,31.6
19,Japan,2014,128.2,91.3,5.5,78.9,32.5
19,Japan,2015,128,91.4,5.4,78.1,33.3
19,Japan,2016,127.8,91.5,5.3,77.3,34
19,Japan,2017,127.5,91.5,5.2,76.6,34.6
19,Japan,2018,127.2,91.6,5.1,76,35.1
102,Jordan,1990,3.6,73.3,0.6,1.8,0.1
102,Jordan,1995,4.6,78.2,0.7,2.6,0.1
102,Jordan,2000,5.1,78.3,0.8,2.9,0.2
102,Jordan,2005,5.8,79.5,0.8,3.4,0.2
102,Jordan,2010,7.3,86.1,1,4.3,0.3
102,Jordan,2011,7.7,87.2,1,4.5,0.3
102,Jordan,2012,8.1,88.2,1.1,4.8,0.3
102,Jordan,2013,8.5,89.1,1.1,5.1,0.3
102,Jordan,2014,8.9,90,1.2,5.3,0.3
102,Jordan,2015,9.3,90.3,1.2,5.6,0.3
102,Jordan,2016,9.6,90.5,1.2,5.8,0.4
102,Jordan,2017,9.8,90.7,1.1,6,0.4
102,Jordan,2018,10,91,1.1,6.2,0.4
50,Kazakhstan,1990,16.4,56.3,1.9,10.3,1
50,Kazakhstan,1995,15.8,55.9,1.4,10,1.1
50,Kazakhstan,2000,14.9,56.1,1.1,9.8,1
50,Kazakhstan,2005,15.4,56.5,1.2,10.4,1.2
50,Kazakhstan,2010,16.3,56.8,1.6,11.2,1.1
50,Kazakhstan,2011,16.5,56.9,1.7,11.3,1.1
50,Kazakhstan,2012,16.8,57,1.8,11.4,1.1
50,Kazakhstan,2013,17,57,1.9,11.5,1.2
50,Kazakhstan,2014,17.3,57.1,1.9,11.6,1.2
50,Kazakhstan,2015,17.6,57.2,2,11.7,1.2
50,Kazakhstan,2016,17.8,57.3,2,11.7,1.2
50,Kazakhstan,2017,18.1,57.3,2,11.7,1.3
50,Kazakhstan,2018,18.3,57.4,2,11.8,1.4
147,Kenya,1990,23.7,16.7,4.5,11.5,0.6
147,Kenya,1995,27.8,18.3,4.7,14.1,0.7
147,Kenya,2000,32,19.9,5.5,16.8,0.7
147,Kenya,2005,36.6,21.7,6.2,19.7,0.8
147,Kenya,2010,42,23.6,6.9,23,0.8
147,Kenya,2011,43.2,24,7,23.7,0.8
147,Kenya,2012,44.3,24.4,7,24.5,0.9
147,Kenya,2013,45.5,24.8,7,25.3,0.9
147,Kenya,2014,46.7,25.2,7,26.2,1
147,Kenya,2015,47.9,25.7,7,27,1
147,Kenya,2016,49.1,26.1,7,27.9,1.1
147,Kenya,2017,50.2,26.6,7,28.8,1.1
147,Kenya,2018,51.4,27,7,29.7,1.2
132,Kiribati,1990,0.1,35,0,0,0
132,Kiribati,1995,0.1,36.4,0,0,0
132,Kiribati,2000,0.1,43,0,0,0
132,Kiribati,2005,0.1,43.6,0,0.1,0
132,Kiribati,2010,0.1,47.4,0,0.1,0
132,Kiribati,2011,0.1,48.2,0,0.1,0
132,Kiribati,2012,0.1,49.1,0,0.1,0
132,Kiribati,2013,0.1,49.9,0,0.1,0
132,Kiribati,2014,0.1,50.8,0,0.1,0
132,Kiribati,2015,0.1,51.6,0,0.1,0
132,Kiribati,2016,0.1,52.4,0,0.1,0
132,Kiribati,2017,0.1,53.3,0,0.1,0
132,Kiribati,2018,0.1,54.1,0,0.1,0
,Korea (Democratic People's Rep. of),1990,20.3,58.4,1.9,13.9,0.9
,Korea (Democratic People's Rep. of),1995,21.9,59,2.1,14.9,1.1
,Korea (Democratic People's Rep. of),2000,22.9,59.4,2,15.6,1.4
,Korea (Democratic People's Rep. of),2005,23.9,59.8,1.9,16.2,1.8
,Korea (Democratic People's Rep. of),2010,24.5,60.4,1.7,16.8,2.1
,Korea (Democratic People's Rep. of),2011,24.7,60.6,1.7,17,2.2
,Korea (Democratic People's Rep. of),2012,24.8,60.7,1.6,17.1,2.3
,Korea (Democratic People's Rep. of),2013,24.9,60.9,1.7,17.2,2.4
,Korea (Democratic People's Rep. of),2014,25.1,61.1,1.7,17.3,2.4
,Korea (Democratic People's Rep. of),2015,25.2,61.3,1.7,17.5,2.4
,Korea (Democratic People's Rep. of),2016,25.3,61.5,1.7,17.6,2.4
,Korea (Democratic People's Rep. of),2017,25.4,61.7,1.7,17.8,2.4
,Korea (Democratic People's Rep. of),2018,25.6,61.9,1.7,18,2.4
22,Korea (Republic of),1990,42.9,73.8,3.1,29.8,2.2
22,Korea (Republic of),1995,45.3,78.2,3.5,32.2,2.7
22,Korea (Republic of),2000,47.4,79.6,3.2,34.2,3.4
22,Korea (Republic of),2005,48.7,81.3,2.5,35.2,4.3
22,Korea (Republic of),2010,49.5,81.9,2.3,36.3,5.3
22,Korea (Republic of),2011,49.8,81.9,2.3,36.5,5.5
22,Korea (Republic of),2012,50.1,81.9,2.3,36.7,5.8
22,Korea (Republic of),2013,50.3,81.8,2.3,37,6
22,Korea (Republic of),2014,50.6,81.7,2.3,37.2,6.3
22,Korea (Republic of),2015,50.8,81.6,2.3,37.3,6.5
22,Korea (Republic of),2016,51,81.6,2.2,37.3,6.8
22,Korea (Republic of),2017,51.1,81.5,2.2,37.3,7.1
22,Korea (Republic of),2018,51.2,81.5,2.1,37.2,7.4
57,Kuwait,1990,2.1,98,0.2,1.3,0
57,Kuwait,1995,1.6,98.1,0.2,1.1,0
57,Kuwait,2000,2,99,0.2,1.4,0
57,Kuwait,2005,2.3,100,0.2,1.6,0
57,Kuwait,2010,3,100,0.3,2.2,0.1
57,Kuwait,2011,3.2,100,0.3,2.4,0.1
57,Kuwait,2012,3.3,100,0.3,2.5,0.1
57,Kuwait,2013,3.5,100,0.3,2.7,0.1
57,Kuwait,2014,3.7,100,0.3,2.8,0.1
57,Kuwait,2015,3.8,100,0.3,2.9,0.1
57,Kuwait,2016,4,100,0.3,3,0.1
57,Kuwait,2017,4.1,100,0.3,3.1,0.1
57,Kuwait,2018,4.1,100,0.3,3.1,0.1
122,Kyrgyzstan,1990,4.4,37.8,0.6,2.5,0.2
122,Kyrgyzstan,1995,4.6,36.3,0.6,2.6,0.3
122,Kyrgyzstan,2000,4.9,35.3,0.5,2.9,0.3
122,Kyrgyzstan,2005,5.1,35.3,0.5,3.2,0.3
122,Kyrgyzstan,2010,5.4,35.3,0.6,3.6,0.2
122,Kyrgyzstan,2011,5.5,35.4,0.6,3.6,0.2
122,Kyrgyzstan,2012,5.6,35.4,0.7,3.7,0.2
122,Kyrgyzstan,2013,5.7,35.5,0.7,3.7,0.2
122,Kyrgyzstan,2014,5.8,35.6,0.8,3.8,0.3
122,Kyrgyzstan,2015,6,35.8,0.8,3.8,0.3
122,Kyrgyzstan,2016,6.1,35.9,0.8,3.9,0.3
122,Kyrgyzstan,2017,6.2,36.1,0.8,3.9,0.3
122,Kyrgyzstan,2018,6.3,36.4,0.8,4,0.3
140,Lao People's Democratic Republic,1990,4.3,15.4,0.8,2.2,0.1
140,Lao People's Democratic Republic,1995,4.8,17.4,0.8,2.5,0.2
140,Lao People's Democratic Republic,2000,5.3,22,0.8,2.8,0.2
140,Lao People's Democratic Republic,2005,5.8,27.2,0.8,3.2,0.2
140,Lao People's Democratic Republic,2010,6.2,30.1,0.8,3.7,0.2
140,Lao People's Democratic Republic,2011,6.3,30.7,0.8,3.8,0.2
140,Lao People's Democratic Republic,2012,6.4,31.3,0.8,3.9,0.2
140,Lao People's Democratic Republic,2013,6.5,31.9,0.8,4,0.2
140,Lao People's Democratic Republic,2014,6.6,32.5,0.8,4.1,0.3
140,Lao People's Democratic Republic,2015,6.7,33.1,0.8,4.2,0.3
140,Lao People's Democratic Republic,2016,6.8,33.7,0.8,4.3,0.3
140,Lao People's Democratic Republic,2017,7,34.4,0.8,4.4,0.3
140,Lao People's Democratic Republic,2018,7.1,35,0.8,4.5,0.3
39,Latvia,1990,2.7,69.2,0.2,1.8,0.3
39,Latvia,1995,2.5,68.8,0.1,1.6,0.3
39,Latvia,2000,2.4,68.1,0.1,1.6,0.4
39,Latvia,2005,2.3,68,0.1,1.5,0.4
39,Latvia,2010,2.1,67.8,0.1,1.4,0.4
39,Latvia,2011,2.1,67.9,0.1,1.4,0.4
39,Latvia,2012,2.1,67.9,0.1,1.4,0.4
39,Latvia,2013,2,67.9,0.1,1.4,0.4
39,Latvia,2014,2,68,0.1,1.3,0.4
39,Latvia,2015,2,68,0.1,1.3,0.4
39,Latvia,2016,2,68,0.1,1.3,0.4
39,Latvia,2017,2,68.1,0.1,1.3,0.4
39,Latvia,2018,1.9,68.1,0.1,1.2,0.4
93,Lebanon,1990,2.8,83.1,0.4,1.6,0.1
93,Lebanon,1995,3.5,84.8,0.4,2.2,0.2
93,Lebanon,2000,3.8,86,0.4,2.4,0.2
93,Lebanon,2005,4.7,86.6,0.4,3,0.3
93,Lebanon,2010,5,87.3,0.4,3.4,0.3
93,Lebanon,2011,5.2,87.5,0.4,3.5,0.3
93,Lebanon,2012,5.5,87.6,0.5,3.7,0.3
93,Lebanon,2013,5.9,87.8,0.5,4,0.4
93,Lebanon,2014,6.3,87.9,0.6,4.2,0.4
93,Lebanon,2015,6.5,88.1,0.6,4.3,0.4
93,Lebanon,2016,6.7,88.3,0.6,4.5,0.4
93,Lebanon,2017,6.8,88.4,0.6,4.5,0.5
93,Lebanon,2018,6.9,88.6,0.6,4.6,0.5
164,Lesotho,1990,1.7,14,0.3,0.9,0.1
164,Lesotho,1995,1.9,17,0.3,1,0.1
164,Lesotho,2000,2,19.5,0.3,1.1,0.1
164,Lesotho,2005,2,22.2,0.3,1.2,0.1
164,Lesotho,2010,2,24.8,0.3,1.2,0.1
164,Lesotho,2011,2,25.3,0.2,1.2,0.1
164,Lesotho,2012,2,25.7,0.2,1.2,0.1
164,Lesotho,2013,2,26.1,0.2,1.2,0.1
164,Lesotho,2014,2,26.5,0.2,1.3,0.1
164,Lesotho,2015,2.1,26.9,0.2,1.3,0.1
164,Lesotho,2016,2.1,27.3,0.2,1.3,0.1
164,Lesotho,2017,2.1,27.7,0.3,1.3,0.1
164,Lesotho,2018,2.1,28.2,0.3,1.3,0.1
176,Liberia,1990,2.1,55.4,0.4,1.1,0.1
176,Liberia,1995,2,46,0.3,1.1,0.1
176,Liberia,2000,2.8,44.3,0.5,1.5,0.1
176,Liberia,2005,3.2,46.1,0.6,1.7,0.1
176,Liberia,2010,3.9,47.8,0.6,2.1,0.1
176,Liberia,2011,4,48.2,0.7,2.2,0.1
176,Liberia,2012,4.1,48.6,0.7,2.2,0.1
176,Liberia,2013,4.2,49,0.7,2.3,0.1
176,Liberia,2014,4.4,49.4,0.7,2.4,0.1
176,Liberia,2015,4.5,49.8,0.7,2.4,0.1
176,Liberia,2016,4.6,50.3,0.7,2.5,0.1
176,Liberia,2017,4.7,50.7,0.7,2.6,0.2
176,Liberia,2018,4.8,51.2,0.7,2.7,0.2
110,Libya,1990,4.4,75.7,0.6,2.4,0.1
110,Libya,1995,4.9,76,0.6,2.9,0.2
110,Libya,2000,5.4,76.4,0.6,3.3,0.2
110,Libya,2005,5.8,77.1,0.6,3.8,0.2
110,Libya,2010,6.2,78.1,0.6,4.2,0.3
110,Libya,2011,6.2,78.3,0.7,4.2,0.3
110,Libya,2012,6.3,78.5,0.7,4.2,0.3
110,Libya,2013,6.3,78.8,0.7,4.2,0.3
110,Libya,2014,6.4,79,0.7,4.3,0.3
110,Libya,2015,6.4,79.3,0.7,4.3,0.3
110,Libya,2016,6.5,79.5,0.7,4.3,0.3
110,Libya,2017,6.6,79.8,0.7,4.4,0.3
110,Libya,2018,6.7,80.1,0.6,4.5,0.3
18,Liechtenstein,1990,0,16.9,,,
18,Liechtenstein,1995,0,16.5,,,
18,Liechtenstein,2000,0,15.1,,,
18,Liechtenstein,2005,0,14.7,,,
18,Liechtenstein,2010,0,14.5,,,
18,Liechtenstein,2011,0,14.4,,,
18,Liechtenstein,2012,0,14.4,,,
18,Liechtenstein,2013,0,14.3,,,
18,Liechtenstein,2014,0,14.3,,,
18,Liechtenstein,2015,0,14.3,,,
18,Liechtenstein,2016,0,14.3,,,
18,Liechtenstein,2017,0,14.3,,,
18,Liechtenstein,2018,0,14.3,,,
34,Lithuania,1990,3.7,67.6,0.3,2.5,0.4
34,Lithuania,1995,3.6,67.3,0.2,2.4,0.4
34,Lithuania,2000,3.5,67,0.2,2.3,0.5
34,Lithuania,2005,3.3,66.6,0.1,2.2,0.5
34,Lithuania,2010,3.1,66.8,0.1,2.1,0.5
34,Lithuania,2011,3.1,66.7,0.2,2.1,0.5
34,Lithuania,2012,3,66.9,0.2,2.1,0.5
34,Lithuania,2013,3,67,0.2,2,0.5
34,Lithuania,2014,3,67.1,0.2,2,0.5
34,Lithuania,2015,2.9,67.2,0.2,2,0.5
34,Lithuania,2016,2.9,67.4,0.2,1.9,0.5
34,Lithuania,2017,2.8,67.5,0.2,1.9,0.5
34,Lithuania,2018,2.8,67.7,0.1,1.8,0.6
21,Luxembourg,1990,0.4,80.9,0,0.3,0.1
21,Luxembourg,1995,0.4,82.9,0,0.3,0.1
21,Luxembourg,2000,0.4,84.2,0,0.3,0.1
21,Luxembourg,2005,0.5,86.6,0,0.3,0.1
21,Luxembourg,2010,0.5,88.5,0,0.3,0.1
21,Luxembourg,2011,0.5,88.9,0,0.4,0.1
21,Luxembourg,2012,0.5,89.2,0,0.4,0.1
21,Luxembourg,2013,0.5,89.6,0,0.4,0.1
21,Luxembourg,2014,0.6,89.9,0,0.4,0.1
21,Luxembourg,2015,0.6,90.2,0,0.4,0.1
21,Luxembourg,2016,0.6,90.5,0,0.4,0.1
21,Luxembourg,2017,0.6,90.7,0,0.4,0.1
21,Luxembourg,2018,0.6,91,0,0.4,0.1
162,Madagascar,1990,11.6,23.6,2.1,6,0.4
162,Madagascar,1995,13.5,25.8,2.4,7,0.4
162,Madagascar,2000,15.8,27.1,2.8,8.2,0.5
162,Madagascar,2005,18.3,28.8,3.1,9.6,0.5
162,Madagascar,2010,21.2,31.9,3.4,11.3,0.6
162,Madagascar,2011,21.7,32.6,3.5,11.7,0.6
162,Madagascar,2012,22.3,33.2,3.5,12.1,0.6
162,Madagascar,2013,23,33.9,3.6,12.6,0.6
162,Madagascar,2014,23.6,34.5,3.6,13,0.7
162,Madagascar,2015,24.2,35.2,3.7,13.5,0.7
162,Madagascar,2016,24.9,35.9,3.8,13.9,0.7
162,Madagascar,2017,25.6,36.5,3.8,14.3,0.7
162,Madagascar,2018,26.3,37.2,3.9,14.8,0.8
172,Malawi,1990,9.4,11.6,1.7,4.9,0.3
172,Malawi,1995,9.8,13.3,1.8,5.1,0.3
172,Malawi,2000,11.1,14.6,2,5.7,0.3
172,Malawi,2005,12.6,15.1,2.3,6.4,0.4
172,Malawi,2010,14.5,15.5,2.6,7.4,0.4
172,Malawi,2011,15,15.7,2.7,7.6,0.4
172,Malawi,2012,15.4,15.8,2.7,7.9,0.4
172,Malawi,2013,15.8,16,2.7,8.2,0.4
172,Malawi,2014,16.3,16.1,2.8,8.5,0.4
172,Malawi,2015,16.7,16.3,2.8,8.8,0.4
172,Malawi,2016,17.2,16.5,2.8,9.1,0.5
172,Malawi,2017,17.7,16.7,2.8,9.4,0.5
172,Malawi,2018,18.1,16.9,2.8,9.7,0.5
61,Malaysia,1990,18,49.8,2.4,10.7,0.7
61,Malaysia,1995,20.5,55.7,2.6,12.4,0.8
61,Malaysia,2000,23.2,62,2.7,14.5,0.9
61,Malaysia,2005,25.7,66.6,2.5,16.7,1.1
61,Malaysia,2010,28.2,70.9,2.4,18.9,1.4
61,Malaysia,2011,28.7,71.6,2.4,19.4,1.5
61,Malaysia,2012,29.1,72.3,2.4,19.8,1.5
61,Malaysia,2013,29.5,72.9,2.5,20.1,1.6
61,Malaysia,2014,29.9,73.6,2.5,20.5,1.7
61,Malaysia,2015,30.3,74.2,2.5,20.9,1.8
61,Malaysia,2016,30.7,74.8,2.6,21.2,1.9
61,Malaysia,2017,31.1,75.4,2.6,21.5,2
61,Malaysia,2018,31.5,76,2.6,21.9,2.1
104,Maldives,1990,0.2,25.8,0,0.1,0
104,Maldives,1995,0.3,25.6,0,0.1,0
104,Maldives,2000,0.3,27.7,0,0.2,0
104,Maldives,2005,0.3,33.8,0,0.2,0
104,Maldives,2010,0.4,36.4,0,0.3,0
104,Maldives,2011,0.4,36.8,0,0.3,0
104,Maldives,2012,0.4,37.3,0,0.3,0
104,Maldives,2013,0.4,37.7,0,0.3,0
104,Maldives,2014,0.4,38.1,0,0.3,0
104,Maldives,2015,0.5,38.5,0,0.3,0
104,Maldives,2016,0.5,39,0,0.4,0
104,Maldives,2017,0.5,39.4,0,0.4,0
104,Maldives,2018,0.5,39.8,0,0.4,0
184,Mali,1990,8.4,23.3,1.6,4.2,0.3
184,Mali,1995,9.6,25.5,1.8,4.8,0.4
184,Mali,2000,10.9,28.4,2.1,5.5,0.4
184,Mali,2005,12.8,32.1,2.5,6.4,0.4
184,Mali,2010,15,36,2.9,7.5,0.4
184,Mali,2011,15.5,36.8,3,7.7,0.4
184,Mali,2012,16,37.6,3.1,7.9,0.4
184,Mali,2013,16.4,38.4,3.2,8.1,0.4
184,Mali,2014,16.9,39.2,3.2,8.4,0.4
184,Mali,2015,17.4,40,3.3,8.6,0.4
184,Mali,2016,18,40.8,3.3,8.9,0.5
184,Mali,2017,18.5,41.6,3.4,9.2,0.5
184,Mali,2018,19.1,42.4,3.5,9.5,0.5
28,Malta,1990,0.4,90.4,0,0.2,0
28,Malta,1995,0.4,90.9,0,0.3,0
28,Malta,2000,0.4,92.4,0,0.3,0
28,Malta,2005,0.4,93.6,0,0.3,0.1
28,Malta,2010,0.4,94.1,0,0.3,0.1
28,Malta,2011,0.4,94.1,0,0.3,0.1
28,Malta,2012,0.4,94.2,0,0.3,0.1
28,Malta,2013,0.4,94.3,0,0.3,0.1
28,Malta,2014,0.4,94.3,0,0.3,0.1
28,Malta,2015,0.4,94.4,0,0.3,0.1
28,Malta,2016,0.4,94.5,0,0.3,0.1
28,Malta,2017,0.4,94.5,0,0.3,0.1
28,Malta,2018,0.4,94.6,0,0.3,0.1
117,Marshall Islands,1990,0,65.1,,,
117,Marshall Islands,1995,0.1,66.7,,,
117,Marshall Islands,2000,0.1,68.6,,,
117,Marshall Islands,2005,0.1,71.1,,,
117,Marshall Islands,2010,0.1,73.6,,,
117,Marshall Islands,2011,0.1,74,,,
117,Marshall Islands,2012,0.1,74.5,,,
117,Marshall Islands,2013,0.1,74.9,,,
117,Marshall Islands,2014,0.1,75.4,,,
117,Marshall Islands,2015,0.1,75.8,,,
117,Marshall Islands,2016,0.1,76.2,,,
117,Marshall Islands,2017,0.1,76.6,,,
117,Marshall Islands,2018,0.1,77,,,
161,Mauritania,1990,2,39.3,0.4,1.1,0.1
161,Mauritania,1995,2.3,38.7,0.4,1.2,0.1
161,Mauritania,2000,2.6,38.1,0.4,1.4,0.1
161,Mauritania,2005,3,42.1,0.5,1.6,0.1
161,Mauritania,2010,3.5,46.6,0.6,1.9,0.1
161,Mauritania,2011,3.6,47.5,0.6,2,0.1
161,Mauritania,2012,3.7,48.4,0.6,2.1,0.1
161,Mauritania,2013,3.8,49.3,0.6,2.1,0.1
161,Mauritania,2014,3.9,50.2,0.6,2.2,0.1
161,Mauritania,2015,4,51.1,0.6,2.3,0.1
161,Mauritania,2016,4.2,52,0.6,2.4,0.1
161,Mauritania,2017,4.3,52.8,0.7,2.4,0.1
161,Mauritania,2018,4.4,53.7,0.7,2.5,0.1
66,Mauritius,1990,1.1,43.9,0.1,0.7,0.1
66,Mauritius,1995,1.1,43.3,0.1,0.8,0.1
66,Mauritius,2000,1.2,42.7,0.1,0.8,0.1
66,Mauritius,2005,1.2,42.1,0.1,0.8,0.1
66,Mauritius,2010,1.2,41.6,0.1,0.9,0.1
66,Mauritius,2011,1.3,41.4,0.1,0.9,0.1
66,Mauritius,2012,1.3,41.3,0.1,0.9,0.1
66,Mauritius,2013,1.3,41.2,0.1,0.9,0.1
66,Mauritius,2014,1.3,41.1,0.1,0.9,0.1
66,Mauritius,2015,1.3,41,0.1,0.9,0.1
66,Mauritius,2016,1.3,40.9,0.1,0.9,0.1
66,Mauritius,2017,1.3,40.8,0.1,0.9,0.1
66,Mauritius,2018,1.3,40.8,0.1,0.9,0.1
76,Mexico,1990,83.9,71.4,11.5,47.4,3.6
76,Mexico,1995,91.7,73.4,11.5,53.7,4.3
76,Mexico,2000,98.9,74.7,11.5,60,5.1
76,Mexico,2005,106,76.3,11.4,66.3,6
76,Mexico,2010,114.1,77.8,11.2,73.4,7
76,Mexico,2011,115.7,78.1,11.2,74.8,7.2
76,Mexico,2012,117.3,78.4,11.2,76.2,7.4
76,Mexico,2013,118.8,78.7,11.2,77.5,7.7
76,Mexico,2014,120.4,79,11.2,78.7,7.9
76,Mexico,2015,121.9,79.3,11.2,80,8.2
76,Mexico,2016,123.3,79.6,11.3,81.2,8.5
76,Mexico,2017,124.8,79.9,11.2,82.4,8.8
76,Mexico,2018,126.2,80.2,11.1,83.6,9.1
135,Micronesia (Federated States of),1990,0.1,25.8,0,0.1,0
135,Micronesia (Federated States of),1995,0.1,25.1,0,0.1,0
135,Micronesia (Federated States of),2000,0.1,22.3,0,0.1,0
135,Micronesia (Federated States of),2005,0.1,22.3,0,0.1,0
135,Micronesia (Federated States of),2010,0.1,22.3,0,0.1,0
135,Micronesia (Federated States of),2011,0.1,22.3,0,0.1,0
135,Micronesia (Federated States of),2012,0.1,22.3,0,0.1,0
135,Micronesia (Federated States of),2013,0.1,22.4,0,0.1,0
135,Micronesia (Federated States of),2014,0.1,22.4,0,0.1,0
135,Micronesia (Federated States of),2015,0.1,22.5,0,0.1,0
135,Micronesia (Federated States of),2016,0.1,22.5,0,0.1,0
135,Micronesia (Federated States of),2017,0.1,22.6,0,0.1,0
135,Micronesia (Federated States of),2018,0.1,22.7,0,0.1,0
107,Moldova (Republic of),1990,4.4,46.8,0.4,2.8,0.4
107,Moldova (Republic of),1995,4.3,46.3,0.3,2.8,0.4
107,Moldova (Republic of),2000,4.2,44.6,0.2,2.8,0.4
107,Moldova (Republic of),2005,4.2,42.8,0.2,3,0.4
107,Moldova (Republic of),2010,4.1,42.6,0.2,3,0.4
107,Moldova (Republic of),2011,4.1,42.6,0.2,3,0.4
107,Moldova (Republic of),2012,4.1,42.6,0.2,3,0.4
107,Moldova (Republic of),2013,4.1,42.5,0.2,3,0.4
107,Moldova (Republic of),2014,4.1,42.5,0.2,3,0.4
107,Moldova (Republic of),2015,4.1,42.5,0.2,3,0.4
107,Moldova (Republic of),2016,4.1,42.5,0.2,3,0.4
107,Moldova (Republic of),2017,4.1,42.6,0.2,3,0.4
107,Moldova (Republic of),2018,4.1,42.6,0.2,2.9,0.5
,Monaco,1990,0,100,,,
,Monaco,1995,0,100,,,
,Monaco,2000,0,100,,,
,Monaco,2005,0,100,,,
,Monaco,2010,0,100,,,
,Monaco,2011,0,100,,,
,Monaco,2012,0,100,,,
,Monaco,2013,0,100,,,
,Monaco,2014,0,100,,,
,Monaco,2015,0,100,,,
,Monaco,2016,0,100,,,
,Monaco,2017,0,100,,,
,Monaco,2018,0,100,,,
92,Mongolia,1990,2.2,57,0.3,1.2,0.1
92,Mongolia,1995,2.3,56.8,0.3,1.3,0.1
92,Mongolia,2000,2.4,57.1,0.2,1.5,0.1
92,Mongolia,2005,2.5,62.5,0.2,1.7,0.1
92,Mongolia,2010,2.7,67.6,0.3,1.9,0.1
92,Mongolia,2011,2.8,68,0.3,1.9,0.1
92,Mongolia,2012,2.8,68,0.3,1.9,0.1
92,Mongolia,2013,2.9,68.1,0.3,2,0.1
92,Mongolia,2014,2.9,68.2,0.4,2,0.1
92,Mongolia,2015,3,68.2,0.4,2,0.1
92,Mongolia,2016,3.1,68.3,0.4,2,0.1
92,Mongolia,2017,3.1,68.4,0.4,2.1,0.1
92,Mongolia,2018,3.2,68.4,0.4,2.1,0.1
52,Montenegro,1990,0.6,48,0.1,0.4,0.1
52,Montenegro,1995,0.6,53.4,0,0.4,0.1
52,Montenegro,2000,0.6,58.5,0,0.4,0.1
52,Montenegro,2005,0.6,62.5,0,0.4,0.1
52,Montenegro,2010,0.6,64.1,0,0.4,0.1
52,Montenegro,2011,0.6,64.5,0,0.4,0.1
52,Montenegro,2012,0.6,64.8,0,0.4,0.1
52,Montenegro,2013,0.6,65.1,0,0.4,0.1
52,Montenegro,2014,0.6,65.5,0,0.4,0.1
52,Montenegro,2015,0.6,65.8,0,0.4,0.1
52,Montenegro,2016,0.6,66.1,0,0.4,0.1
52,Montenegro,2017,0.6,66.5,0,0.4,0.1
52,Montenegro,2018,0.6,66.8,0,0.4,0.1
121,Morocco,1990,24.8,48.4,3.4,14,1
121,Morocco,1995,27,51.7,3.3,15.7,1.3
121,Morocco,2000,28.8,53.3,3.1,17.6,1.5
121,Morocco,2005,30.5,55.2,3.1,19.3,1.8
121,Morocco,2010,32.3,58,3.2,21.1,2
121,Morocco,2011,32.8,58.6,3.2,21.5,2
121,Morocco,2012,33.2,59.1,3.3,21.9,2.1
121,Morocco,2013,33.7,59.7,3.4,22.2,2.1
121,Morocco,2014,34.2,60.3,3.4,22.5,2.1
121,Morocco,2015,34.7,60.8,3.5,22.8,2.2
121,Morocco,2016,35.1,61.4,3.5,23.1,2.3
121,Morocco,2017,35.6,61.9,3.5,23.4,2.4
121,Morocco,2018,36,62.5,3.4,23.7,2.5
180,Mozambique,1990,13,25,2.3,6.5,0.5
180,Mozambique,1995,15.5,27.5,2.7,8.1,0.5
180,Mozambique,2000,17.7,29.1,3.2,9.2,0.6
180,Mozambique,2005,20.5,30,3.7,10.6,0.7
180,Mozambique,2010,23.5,31.8,4.2,12.1,0.7
180,Mozambique,2011,24.2,32.3,4.3,12.4,0.7
180,Mozambique,2012,24.9,32.8,4.3,12.8,0.7
180,Mozambique,2013,25.6,33.4,4.4,13.1,0.8
180,Mozambique,2014,26.3,33.9,4.5,13.5,0.8
180,Mozambique,2015,27,34.4,4.6,14,0.8
180,Mozambique,2016,27.8,34.9,4.7,14.4,0.8
180,Mozambique,2017,28.6,35.5,4.8,14.9,0.8
180,Mozambique,2018,29.5,36,4.9,15.5,0.9
145,Myanmar,1990,41.3,25.2,5.3,24.1,1.6
145,Myanmar,1995,43.9,26.1,5,26.6,1.9
145,Myanmar,2000,46.7,27,5.2,29.4,2.1
145,Myanmar,2005,49,27.9,5.3,31.4,2.3
145,Myanmar,2010,50.6,28.9,4.9,33,2.4
145,Myanmar,2011,51,29.1,4.8,33.4,2.5
145,Myanmar,2012,51.4,29.3,4.7,33.9,2.5
145,Myanmar,2013,51.9,29.5,4.7,34.4,2.6
145,Myanmar,2014,52.3,29.6,4.6,34.8,2.6
145,Myanmar,2015,52.7,29.9,4.6,35.3,2.7
145,Myanmar,2016,53,30.1,4.5,35.7,2.8
145,Myanmar,2017,53.4,30.3,4.5,36.1,3
145,Myanmar,2018,53.7,30.6,4.5,36.4,3.1
130,Namibia,1990,1.4,27.7,0.2,0.7,0
130,Namibia,1995,1.6,29.8,0.3,0.9,0.1
130,Namibia,2000,1.8,32.4,0.3,1,0.1
130,Namibia,2005,1.9,36.6,0.3,1.1,0.1
130,Namibia,2010,2.1,41.6,0.3,1.2,0.1
130,Namibia,2011,2.2,42.6,0.3,1.3,0.1
130,Namibia,2012,2.2,43.7,0.3,1.3,0.1
130,Namibia,2013,2.2,44.8,0.3,1.3,0.1
130,Namibia,2014,2.3,45.8,0.3,1.3,0.1
130,Namibia,2015,2.3,46.9,0.3,1.4,0.1
130,Namibia,2016,2.4,48,0.3,1.4,0.1
130,Namibia,2017,2.4,49,0.3,1.4,0.1
130,Namibia,2018,2.4,50,0.3,1.5,0.1
,Nauru,1990,0,100,,,
,Nauru,1995,0,100,,,
,Nauru,2000,0,100,,,
,Nauru,2005,0,100,,,
,Nauru,2010,0,100,,,
,Nauru,2011,0,100,,,
,Nauru,2012,0,100,,,
,Nauru,2013,0,100,,,
,Nauru,2014,0,100,,,
,Nauru,2015,0,100,,,
,Nauru,2016,0,100,,,
,Nauru,2017,0,100,,,
,Nauru,2018,0,100,,,
147,Nepal,1990,18.9,8.9,3.1,10.2,0.7
147,Nepal,1995,21.6,10.9,3.4,11.8,0.8
147,Nepal,2000,23.9,13.4,3.6,13.2,0.9
147,Nepal,2005,25.7,15.1,3.3,14.5,1.1
147,Nepal,2010,27,16.8,3,15.9,1.4
147,Nepal,2011,27,17.1,3,16,1.4
147,Nepal,2012,27,17.5,2.9,16.1,1.4
147,Nepal,2013,26.9,17.8,2.9,16.2,1.4
147,Nepal,2014,26.9,18.2,2.8,16.3,1.5
147,Nepal,2015,27,18.6,2.8,16.5,1.5
147,Nepal,2016,27.3,18.9,2.8,16.9,1.5
147,Nepal,2017,27.6,19.3,2.7,17.4,1.6
147,Nepal,2018,28.1,19.7,2.7,17.9,1.6
10,Netherlands,1990,15,68.7,0.9,10.3,1.9
10,Netherlands,1995,15.5,72.8,1,10.6,2
10,Netherlands,2000,15.9,76.8,1,10.8,2.2
10,Netherlands,2005,16.4,82.6,1,11.1,2.3
10,Netherlands,2010,16.7,87.1,0.9,11.2,2.6
10,Netherlands,2011,16.7,87.9,0.9,11.2,2.7
10,Netherlands,2012,16.8,88.6,0.9,11.2,2.8
10,Netherlands,2013,16.8,89.2,0.9,11.1,2.9
10,Netherlands,2014,16.9,89.7,0.9,11.1,2.9
10,Netherlands,2015,16.9,90.2,0.9,11.1,3
10,Netherlands,2016,17,90.6,0.9,11,3.1
10,Netherlands,2017,17,91.1,0.9,11,3.2
10,Netherlands,2018,17.1,91.5,0.9,11,3.3
14,New Zealand,1990,3.4,84.7,0.3,2.2,0.4
14,New Zealand,1995,3.7,85.6,0.3,2.4,0.4
14,New Zealand,2000,3.9,86,0.3,2.5,0.5
14,New Zealand,2005,4.1,86.3,0.3,2.7,0.5
14,New Zealand,2010,4.4,86.2,0.3,2.9,0.6
14,New Zealand,2011,4.4,86.1,0.3,2.9,0.6
14,New Zealand,2012,4.5,86.2,0.3,2.9,0.6
14,New Zealand,2013,4.5,86.2,0.3,3,0.6
14,New Zealand,2014,4.6,86.3,0.3,3,0.7
14,New Zealand,2015,4.6,86.3,0.3,3,0.7
14,New Zealand,2016,4.7,86.4,0.3,3,0.7
14,New Zealand,2017,4.7,86.5,0.3,3.1,0.7
14,New Zealand,2018,4.7,86.5,0.3,3.1,0.7
126,Nicaragua,1990,4.2,53.1,0.7,2.1,0.1
126,Nicaragua,1995,4.7,54.4,0.7,2.5,0.2
126,Nicaragua,2000,5.1,55.2,0.7,2.9,0.2
126,Nicaragua,2005,5.4,55.9,0.7,3.2,0.2
126,Nicaragua,2010,5.8,56.9,0.7,3.6,0.3
126,Nicaragua,2011,5.9,57.1,0.7,3.7,0.3
126,Nicaragua,2012,6,57.3,0.7,3.8,0.3
126,Nicaragua,2013,6.1,57.5,0.7,3.8,0.3
126,Nicaragua,2014,6.1,57.7,0.7,3.9,0.3
126,Nicaragua,2015,6.2,57.9,0.7,4,0.3
126,Nicaragua,2016,6.3,58.1,0.7,4,0.3
126,Nicaragua,2017,6.4,58.3,0.7,4.1,0.3
126,Nicaragua,2018,6.5,58.5,0.7,4.2,0.3
189,Niger,1990,8,15.4,1.6,4,0.2
189,Niger,1995,9.5,15.8,1.9,4.7,0.2
189,Niger,2000,11.3,16.2,2.3,5.6,0.3
189,Niger,2005,13.6,16.2,2.8,6.6,0.3
189,Niger,2010,16.5,16.2,3.4,7.8,0.4
189,Niger,2011,17.1,16.2,3.6,8.1,0.4
189,Niger,2012,17.8,16.2,3.7,8.4,0.5
189,Niger,2013,18.5,16.2,3.8,8.7,0.5
189,Niger,2014,19.2,16.2,3.9,9.1,0.5
189,Niger,2015,20,16.2,4.1,9.5,0.5
189,Niger,2016,20.8,16.3,4.2,9.8,0.5
189,Niger,2017,21.6,16.4,4.4,10.2,0.6
189,Niger,2018,22.4,16.4,4.5,10.6,0.6
158,Nigeria,1990,95.2,29.7,16.8,49.6,2.7
158,Nigeria,1995,107.9,32.2,18.6,57.1,3.1
158,Nigeria,2000,122.3,34.8,21.1,65.5,3.4
158,Nigeria,2005,138.9,39.1,24.3,74.4,3.8
158,Nigeria,2010,158.5,43.5,27.7,84.4,4.3
158,Nigeria,2011,162.8,44.4,28.4,86.5,4.5
158,Nigeria,2012,167.2,45.2,29.1,88.7,4.6
158,Nigeria,2013,171.8,46.1,29.8,91.1,4.7
158,Nigeria,2014,176.4,47,30.5,93.6,4.9
158,Nigeria,2015,181.1,47.8,31.1,96.2,5
158,Nigeria,2016,186,48.7,31.8,98.8,5.1
158,Nigeria,2017,190.9,49.5,32.4,101.6,5.2
158,Nigeria,2018,195.9,50.3,32.9,104.6,5.4
82,North Macedonia,1990,2,57.8,0.2,1.3,0.1
82,North Macedonia,1995,2,59.6,0.2,1.3,0.2
82,North Macedonia,2000,2,58.5,0.1,1.4,0.2
82,North Macedonia,2005,2.1,57.5,0.1,1.4,0.2
82,North Macedonia,2010,2.1,57.1,0.1,1.5,0.2
82,North Macedonia,2011,2.1,57.1,0.1,1.5,0.2
82,North Macedonia,2012,2.1,57.1,0.1,1.5,0.2
82,North Macedonia,2013,2.1,57.2,0.1,1.5,0.3
82,North Macedonia,2014,2.1,57.3,0.1,1.5,0.3
82,North Macedonia,2015,2.1,57.4,0.1,1.5,0.3
82,North Macedonia,2016,2.1,57.6,0.1,1.5,0.3
82,North Macedonia,2017,2.1,57.7,0.1,1.5,0.3
82,North Macedonia,2018,2.1,58,0.1,1.5,0.3
1,Norway,1990,4.2,72,0.3,2.7,0.7
1,Norway,1995,4.4,73.8,0.3,2.8,0.7
1,Norway,2000,4.5,76,0.3,2.9,0.7
1,Norway,2005,4.6,77.7,0.3,3,0.7
1,Norway,2010,4.9,79.1,0.3,3.2,0.7
1,Norway,2011,4.9,79.5,0.3,3.3,0.7
1,Norway,2012,5,79.9,0.3,3.3,0.8
1,Norway,2013,5.1,80.3,0.3,3.4,0.8
1,Norway,2014,5.1,80.7,0.3,3.4,0.8
1,Norway,2015,5.2,81.1,0.3,3.4,0.8
1,Norway,2016,5.3,81.5,0.3,3.4,0.9
1,Norway,2017,5.3,81.9,0.3,3.5,0.9
1,Norway,2018,5.3,82.2,0.3,3.5,0.9
47,Oman,1990,1.8,66.1,0.3,1,0
47,Oman,1995,2.2,71.7,0.3,1.3,0
47,Oman,2000,2.3,71.6,0.3,1.4,0.1
47,Oman,2005,2.5,72.4,0.3,1.6,0.1
47,Oman,2010,3,75.2,0.3,2.2,0.1
47,Oman,2011,3.3,76.2,0.3,2.4,0.1
47,Oman,2012,3.5,77.6,0.3,2.6,0.1
47,Oman,2013,3.8,78.9,0.3,2.8,0.1
47,Oman,2014,4,80.1,0.4,3,0.1
47,Oman,2015,4.3,81.4,0.4,3.2,0.1
47,Oman,2016,4.5,82.5,0.4,3.4,0.1
47,Oman,2017,4.7,83.6,0.4,3.5,0.1
47,Oman,2018,4.8,84.5,0.4,3.6,0.1
152,Pakistan,1990,107.6,30.6,18.4,57.2,4.2
152,Pakistan,1995,123.8,31.8,20.5,65.5,4.9
152,Pakistan,2000,142.3,33,21.9,76.9,5.7
152,Pakistan,2005,160.3,34,22.7,89.7,6.6
152,Pakistan,2010,179.4,35,24,104.2,7.6
152,Pakistan,2011,183.3,35.2,24.4,107.1,7.8
152,Pakistan,2012,187.3,35.4,24.8,110.1,8
152,Pakistan,2013,191.3,35.6,25.1,113.1,8.2
152,Pakistan,2014,195.3,35.8,25.5,116.1,8.4
152,Pakistan,2015,199.4,36,25.9,119.2,8.6
152,Pakistan,2016,203.6,36.2,26.4,122.2,8.8
152,Pakistan,2017,207.9,36.4,26.9,125.2,9
152,Pakistan,2018,212.2,36.7,27.3,128.2,9.2
55,Palau,1990,0,69.6,,,
55,Palau,1995,0,71.4,,,
55,Palau,2000,0,70.3,,,
55,Palau,2005,0,71.2,,,
55,Palau,2010,0,74.8,,,
55,Palau,2011,0,75.5,,,
55,Palau,2012,0,76.2,,,
55,Palau,2013,0,76.9,,,
55,Palau,2014,0,77.5,,,
55,Palau,2015,0,78.2,,,
55,Palau,2016,0,78.8,,,
55,Palau,2017,0,79.4,,,
55,Palau,2018,0,79.9,,,
119,"Palestine, State of",1990,2.1,67.7,0.4,1,0
119,"Palestine, State of",1995,2.6,70.2,0.5,1.3,0.1
119,"Palestine, State of",2000,3.2,72,0.6,1.6,0.1
119,"Palestine, State of",2005,3.6,73.1,0.6,1.9,0.1
119,"Palestine, State of",2010,4.1,74.1,0.6,2.2,0.1
119,"Palestine, State of",2011,4.2,74.4,0.6,2.3,0.1
119,"Palestine, State of",2012,4.2,74.6,0.7,2.4,0.1
119,"Palestine, State of",2013,4.3,74.9,0.7,2.4,0.1
119,"Palestine, State of",2014,4.4,75.1,0.7,2.5,0.1
119,"Palestine, State of",2015,4.5,75.4,0.7,2.6,0.1
119,"Palestine, State of",2016,4.6,75.6,0.7,2.7,0.1
119,"Palestine, State of",2017,4.7,75.9,0.7,2.7,0.1
119,"Palestine, State of",2018,4.9,76.2,0.7,2.8,0.2
67,Panama,1990,2.5,53.9,0.3,1.5,0.1
67,Panama,1995,2.7,58.1,0.3,1.7,0.1
67,Panama,2000,3,62.2,0.3,1.9,0.2
67,Panama,2005,3.3,63.7,0.4,2.1,0.2
67,Panama,2010,3.6,65.1,0.4,2.3,0.2
67,Panama,2011,3.7,65.4,0.4,2.4,0.3
67,Panama,2012,3.8,65.7,0.4,2.4,0.3
67,Panama,2013,3.8,66.1,0.4,2.5,0.3
67,Panama,2014,3.9,66.4,0.4,2.5,0.3
67,Panama,2015,4,66.7,0.4,2.6,0.3
67,Panama,2016,4,67,0.4,2.6,0.3
67,Panama,2017,4.1,67.4,0.4,2.7,0.3
67,Panama,2018,4.2,67.7,0.4,2.7,0.3
155,Papua New Guinea,1990,4.6,15,0.7,2.5,0.1
155,Papua New Guinea,1995,5.2,14.1,0.8,2.9,0.2
155,Papua New Guinea,2000,5.8,13.2,0.9,3.3,0.2
155,Papua New Guinea,2005,6.5,13.1,0.9,3.7,0.2
155,Papua New Guinea,2010,7.3,13,1,4.3,0.2
155,Papua New Guinea,2011,7.5,13,1,4.4,0.2
155,Papua New Guinea,2012,7.6,13,1,4.5,0.3
155,Papua New Guinea,2013,7.8,13,1,4.6,0.3
155,Papua New Guinea,2014,7.9,13,1,4.7,0.3
155,Papua New Guinea,2015,8.1,13,1.1,4.9,0.3
155,Papua New Guinea,2016,8.3,13,1.1,5,0.3
155,Papua New Guinea,2017,8.4,13.1,1.1,5.1,0.3
155,Papua New Guinea,2018,8.6,13.2,1.1,5.2,0.3
98,Paraguay,1990,4.2,48.7,0.7,2.3,0.2
98,Paraguay,1995,4.8,52.1,0.7,2.6,0.2
98,Paraguay,2000,5.3,55.3,0.7,3,0.2
98,Paraguay,2005,5.8,57.6,0.7,3.5,0.3
98,Paraguay,2010,6.2,59.3,0.7,3.9,0.3
98,Paraguay,2011,6.3,59.6,0.7,3.9,0.3
98,Paraguay,2012,6.4,59.9,0.7,4,0.3
98,Paraguay,2013,6.5,60.2,0.7,4.1,0.4
98,Paraguay,2014,6.6,60.5,0.7,4.2,0.4
98,Paraguay,2015,6.7,60.8,0.7,4.3,0.4
98,Paraguay,2016,6.8,61,0.7,4.3,0.4
98,Paraguay,2017,6.9,61.3,0.7,4.4,0.4
98,Paraguay,2018,7,61.6,0.7,4.5,0.4
82,Peru,1990,22.1,68.9,3.1,12.6,0.9
82,Peru,1995,24.3,71,3.1,14.2,1.1
82,Peru,2000,26.5,73,3,16.1,1.3
82,Peru,2005,27.9,75,2.9,17.4,1.5
82,Peru,2010,29,76.4,3,18.5,1.8
82,Peru,2011,29.3,76.6,3,18.7,1.9
82,Peru,2012,29.5,76.8,3,18.9,1.9
82,Peru,2013,29.8,77,2.9,19.2,2
82,Peru,2014,30.1,77.2,2.8,19.4,2.1
82,Peru,2015,30.5,77.4,2.8,19.7,2.2
82,Peru,2016,30.9,77.5,2.7,20.2,2.3
82,Peru,2017,31.4,77.7,2.7,20.7,2.5
82,Peru,2018,32,77.9,2.8,21.2,2.6
106,Philippines,1990,61.9,47,9.4,34.6,1.9
106,Philippines,1995,69.8,46.6,10.1,39.9,2.2
106,Philippines,2000,78,46.1,10.7,45.4,2.5
106,Philippines,2005,86.3,45.7,11.4,51.3,3
106,Philippines,2010,94,45.3,11,58.1,3.9
106,Philippines,2011,95.6,45.5,11.1,59.4,4
106,Philippines,2012,97.2,45.7,11.2,60.7,4.2
106,Philippines,2013,98.9,45.9,11.4,61.9,4.3
106,Philippines,2014,100.5,46.1,11.5,63.2,4.5
106,Philippines,2015,102.1,46.3,11.5,64.5,4.7
106,Philippines,2016,103.7,46.5,11.5,65.6,4.9
106,Philippines,2017,105.2,46.7,11.3,66.9,5.2
106,Philippines,2018,106.7,46.9,11,68.2,5.5
32,Poland,1990,38,61.3,2.9,24.6,3.8
32,Poland,1995,38.5,61.5,2.6,25.4,4.2
32,Poland,2000,38.6,61.7,2.1,26.4,4.6
32,Poland,2005,38.4,61.5,1.8,27,5
32,Poland,2010,38.3,60.9,2,27.3,5.2
32,Poland,2011,38.3,60.8,2.1,27.2,5.3
32,Poland,2012,38.2,60.7,2.1,27.1,5.4
32,Poland,2013,38.2,60.5,2,26.9,5.6
32,Poland,2014,38.1,60.4,1.9,26.7,5.8
32,Poland,2015,38,60.3,1.9,26.4,6
32,Poland,2016,38,60.2,1.8,26.2,6.2
32,Poland,2017,38,60.1,1.8,25.9,6.4
32,Poland,2018,37.9,60.1,1.8,25.6,6.6
40,Portugal,1990,9.9,47.9,0.6,6.5,1.4
40,Portugal,1995,10.1,51.1,0.5,6.8,1.5
40,Portugal,2000,10.3,54.4,0.5,7,1.7
40,Portugal,2005,10.5,57.5,0.6,7.1,1.8
40,Portugal,2010,10.6,60.6,0.5,7,2
40,Portugal,2011,10.6,61.2,0.5,7,2
40,Portugal,2012,10.5,61.8,0.5,6.9,2
40,Portugal,2013,10.5,62.4,0.5,6.9,2.1
40,Portugal,2014,10.4,62.9,0.5,6.8,2.1
40,Portugal,2015,10.4,63.5,0.4,6.8,2.2
40,Portugal,2016,10.3,64.1,0.4,6.7,2.2
40,Portugal,2017,10.3,64.7,0.4,6.7,2.2
40,Portugal,2018,10.3,65.2,0.4,6.6,2.3
41,Qatar,1990,0.5,92.8,0.1,0.3,0
41,Qatar,1995,0.5,95,0.1,0.4,0
41,Qatar,2000,0.6,96.3,0.1,0.4,0
41,Qatar,2005,0.9,97.4,0.1,0.7,0
41,Qatar,2010,1.9,98.5,0.1,1.6,0
41,Qatar,2011,2,98.6,0.1,1.8,0
41,Qatar,2012,2.2,98.7,0.1,1.9,0
41,Qatar,2013,2.3,98.8,0.1,2,0
41,Qatar,2014,2.5,98.9,0.1,2.1,0
41,Qatar,2015,2.6,98.9,0.1,2.2,0
41,Qatar,2016,2.7,99,0.1,2.3,0
41,Qatar,2017,2.7,99.1,0.1,2.3,0
41,Qatar,2018,2.8,99.1,0.1,2.4,0
52,Romania,1990,23.5,53.2,1.8,15.5,2.4
52,Romania,1995,23,53.8,1.3,15.4,2.8
52,Romania,2000,22.1,53,1.1,15,3
52,Romania,2005,21.4,53.2,1,14.8,3.3
52,Romania,2010,20.5,53.8,1.1,14,3.2
52,Romania,2011,20.3,54,1.1,13.9,3.2
52,Romania,2012,20.2,54,1.1,13.8,3.2
52,Romania,2013,20.1,53.9,1.1,13.7,3.3
52,Romania,2014,20,53.9,1,13.6,3.3
52,Romania,2015,19.9,53.9,1,13.5,3.4
52,Romania,2016,19.8,53.9,0.9,13.3,3.4
52,Romania,2017,19.7,53.9,0.9,13.1,3.5
52,Romania,2018,19.5,54,0.9,12.9,3.6
49,Russian Federation,1990,147.5,73.4,11.5,98.5,15.2
49,Russian Federation,1995,148.2,73.4,8,98.5,18
49,Russian Federation,2000,146.4,73.4,6.4,101.5,18.2
49,Russian Federation,2005,143.7,73.5,6.9,102,19.9
49,Russian Federation,2010,143.5,73.7,8.1,103.3,18.8
49,Russian Federation,2011,143.7,73.7,8.3,103.1,18.8
49,Russian Federation,2012,144,73.8,8.5,102.7,18.9
49,Russian Federation,2013,144.3,73.9,8.8,102.1,19.1
49,Russian Federation,2014,144.7,74,9.1,101.5,19.3
49,Russian Federation,2015,145,74,9.3,100.9,19.7
49,Russian Federation,2016,145.3,74.2,9.5,100,20.2
49,Russian Federation,2017,145.5,74.3,9.5,99.1,20.8
49,Russian Federation,2018,145.7,74.4,9.5,98.2,21.4
157,Rwanda,1990,7.3,5.4,1.4,3.5,0.2
157,Rwanda,1995,5.8,9.8,0.8,3.2,0.2
157,Rwanda,2000,7.9,14.9,1.3,4.1,0.3
157,Rwanda,2005,8.8,16.9,1.4,4.8,0.2
157,Rwanda,2010,10,16.9,1.6,5.6,0.3
157,Rwanda,2011,10.3,16.9,1.6,5.8,0.3
157,Rwanda,2012,10.6,16.9,1.6,5.9,0.3
157,Rwanda,2013,10.8,16.9,1.6,6.1,0.3
157,Rwanda,2014,11.1,17,1.7,6.3,0.3
157,Rwanda,2015,11.4,17,1.7,6.4,0.3
157,Rwanda,2016,11.7,17.1,1.7,6.6,0.3
157,Rwanda,2017,12,17.1,1.8,6.8,0.3
157,Rwanda,2018,12.3,17.2,1.8,7,0.4
73,Saint Kitts and Nevis,1990,0,34.6,,,
73,Saint Kitts and Nevis,1995,0,33.7,,,
73,Saint Kitts and Nevis,2000,0,32.8,,,
73,Saint Kitts and Nevis,2005,0,32,,,
73,Saint Kitts and Nevis,2010,0,31.3,,,
73,Saint Kitts and Nevis,2011,0,31.2,,,
73,Saint Kitts and Nevis,2012,0.1,31.1,,,
73,Saint Kitts and Nevis,2013,0.1,31,,,
73,Saint Kitts and Nevis,2014,0.1,30.9,,,
73,Saint Kitts and Nevis,2015,0.1,30.8,,,
73,Saint Kitts and Nevis,2016,0.1,30.8,,,
73,Saint Kitts and Nevis,2017,0.1,30.8,,,
73,Saint Kitts and Nevis,2018,0.1,30.8,,,
89,Saint Lucia,1990,0.1,29.3,0,0.1,0
89,Saint Lucia,1995,0.1,28.8,0,0.1,0
89,Saint Lucia,2000,0.2,27.8,0,0.1,0
89,Saint Lucia,2005,0.2,23.1,0,0.1,0
89,Saint Lucia,2010,0.2,18.4,0,0.1,0
89,Saint Lucia,2011,0.2,18.4,0,0.1,0
89,Saint Lucia,2012,0.2,18.4,0,0.1,0
89,Saint Lucia,2013,0.2,18.5,0,0.1,0
89,Saint Lucia,2014,0.2,18.5,0,0.1,0
89,Saint Lucia,2015,0.2,18.5,0,0.1,0
89,Saint Lucia,2016,0.2,18.6,0,0.1,0
89,Saint Lucia,2017,0.2,18.6,0,0.1,0
89,Saint Lucia,2018,0.2,18.7,0,0.1,0
94,Saint Vincent and the Grenadines,1990,0.1,41.4,0,0.1,0
94,Saint Vincent and the Grenadines,1995,0.1,43.4,0,0.1,0
94,Saint Vincent and the Grenadines,2000,0.1,45.2,0,0.1,0
94,Saint Vincent and the Grenadines,2005,0.1,47,0,0.1,0
94,Saint Vincent and the Grenadines,2010,0.1,49,0,0.1,0
94,Saint Vincent and the Grenadines,2011,0.1,49.4,0,0.1,0
94,Saint Vincent and the Grenadines,2012,0.1,49.8,0,0.1,0
94,Saint Vincent and the Grenadines,2013,0.1,50.2,0,0.1,0
94,Saint Vincent and the Grenadines,2014,0.1,50.6,0,0.1,0
94,Saint Vincent and the Grenadines,2015,0.1,51,0,0.1,0
94,Saint Vincent and the Grenadines,2016,0.1,51.4,0,0.1,0
94,Saint Vincent and the Grenadines,2017,0.1,51.8,0,0.1,0
94,Saint Vincent and the Grenadines,2018,0.1,52.2,0,0.1,0
111,Samoa,1990,0.2,21.2,0,0.1,0
111,Samoa,1995,0.2,21.5,0,0.1,0
111,Samoa,2000,0.2,22,0,0.1,0
111,Samoa,2005,0.2,21.2,0,0.1,0
111,Samoa,2010,0.2,20.1,0,0.1,0
111,Samoa,2011,0.2,19.9,0,0.1,0
111,Samoa,2012,0.2,19.6,0,0.1,0
111,Samoa,2013,0.2,19.4,0,0.1,0
111,Samoa,2014,0.2,19.1,0,0.1,0
111,Samoa,2015,0.2,18.9,0,0.1,0
111,Samoa,2016,0.2,18.7,0,0.1,0
111,Samoa,2017,0.2,18.5,0,0.1,0
111,Samoa,2018,0.2,18.2,0,0.1,0
,San Marino,1990,0,90.4,,,
,San Marino,1995,0,91.7,,,
,San Marino,2000,0,93.4,,,
,San Marino,2005,0,94.5,,,
,San Marino,2010,0,95.7,,,
,San Marino,2011,0,96,,,
,San Marino,2012,0,96.2,,,
,San Marino,2013,0,96.4,,,
,San Marino,2014,0,96.6,,,
,San Marino,2015,0,96.7,,,
,San Marino,2016,0,96.9,,,
,San Marino,2017,0,97.1,,,
,San Marino,2018,0,97.2,,,
137,Sao Tome and Principe,1990,0.1,43.6,0,0.1,0
137,Sao Tome and Principe,1995,0.1,48.6,0,0.1,0
137,Sao Tome and Principe,2000,0.1,53.4,0,0.1,0
137,Sao Tome and Principe,2005,0.2,59.2,0,0.1,0
137,Sao Tome and Principe,2010,0.2,65,0,0.1,0
137,Sao Tome and Principe,2011,0.2,66.1,0,0.1,0
137,Sao Tome and Principe,2012,0.2,67.2,0,0.1,0
137,Sao Tome and Principe,2013,0.2,68.2,0,0.1,0
137,Sao Tome and Principe,2014,0.2,69.2,0,0.1,0
137,Sao Tome and Principe,2015,0.2,70.2,0,0.1,0
137,Sao Tome and Principe,2016,0.2,71.1,0,0.1,0
137,Sao Tome and Principe,2017,0.2,72,0,0.1,0
137,Sao Tome and Principe,2018,0.2,72.8,0,0.1,0
36,Saudi Arabia,1990,16.2,76.6,2.7,9,0.5
36,Saudi Arabia,1995,18.6,78.7,2.7,10.3,0.5
36,Saudi Arabia,2000,20.7,79.8,2.7,12.1,0.6
36,Saudi Arabia,2005,23.8,81,2.7,15,0.7
36,Saudi Arabia,2010,27.4,82.1,2.9,18.5,0.8
36,Saudi Arabia,2011,28.3,82.3,2.9,19.3,0.8
36,Saudi Arabia,2012,29.2,82.5,3,20.2,0.9
36,Saudi Arabia,2013,30.1,82.7,3,21,0.9
36,Saudi Arabia,2014,30.9,83,3,21.8,0.9
36,Saudi Arabia,2015,31.7,83.2,3,22.6,1
36,Saudi Arabia,2016,32.4,83.4,3,23.2,1
36,Saudi Arabia,2017,33.1,83.6,3,23.7,1.1
36,Saudi Arabia,2018,33.7,83.8,3,24.1,1.1
166,Senegal,1990,7.5,38.9,1.4,3.8,0.2
166,Senegal,1995,8.7,39.6,1.5,4.4,0.3
166,Senegal,2000,9.8,40.3,1.7,5.1,0.3
166,Senegal,2005,11.1,41.7,1.8,5.9,0.4
166,Senegal,2010,12.7,43.8,2.1,6.8,0.4
166,Senegal,2011,13,44.2,2.2,6.9,0.4
166,Senegal,2012,13.4,44.6,2.3,7.1,0.4
166,Senegal,2013,13.8,45,2.3,7.4,0.4
166,Senegal,2014,14.2,45.4,2.4,7.6,0.4
166,Senegal,2015,14.6,45.9,2.4,7.8,0.4
166,Senegal,2016,15,46.3,2.5,8,0.5
166,Senegal,2017,15.4,46.7,2.5,8.3,0.5
166,Senegal,2018,15.9,47.2,2.6,8.5,0.5
63,Serbia,1990,9.5,50.4,0.7,6.3,0.9
63,Serbia,1995,9.9,51.7,0.7,6.6,1.1
63,Serbia,2000,9.5,52.8,0.6,6.3,1.3
63,Serbia,2005,9.2,53.9,0.5,6.1,1.3
63,Serbia,2010,9,55,0.5,6.1,1.3
63,Serbia,2011,9,55.2,0.5,6.1,1.3
63,Serbia,2012,8.9,55.4,0.5,6.1,1.4
63,Serbia,2013,8.9,55.5,0.5,6,1.4
63,Serbia,2014,8.9,55.6,0.4,6,1.5
63,Serbia,2015,8.9,55.7,0.4,5.9,1.5
63,Serbia,2016,8.9,55.8,0.4,5.9,1.5
63,Serbia,2017,8.8,55.9,0.4,5.9,1.6
63,Serbia,2018,8.8,56.1,0.4,5.8,1.6
62,Seychelles,1990,0.1,49.3,0,0,0
62,Seychelles,1995,0.1,49.6,0,0,0
62,Seychelles,2000,0.1,50.4,0,0.1,0
62,Seychelles,2005,0.1,51.7,0,0.1,0
62,Seychelles,2010,0.1,53.3,0,0.1,0
62,Seychelles,2011,0.1,53.7,0,0.1,0
62,Seychelles,2012,0.1,54.1,0,0.1,0
62,Seychelles,2013,0.1,54.5,0,0.1,0
62,Seychelles,2014,0.1,55,0,0.1,0
62,Seychelles,2015,0.1,55.4,0,0.1,0
62,Seychelles,2016,0.1,55.8,0,0.1,0
62,Seychelles,2017,0.1,56.3,0,0.1,0
62,Seychelles,2018,0.1,56.7,0,0.1,0
181,Sierra Leone,1990,4.3,33.3,0.8,2.3,0.2
181,Sierra Leone,1995,4.3,34.4,0.8,2.2,0.1
181,Sierra Leone,2000,4.6,35.6,0.8,2.4,0.2
181,Sierra Leone,2005,5.6,36.9,1,3,0.2
181,Sierra Leone,2010,6.4,38.9,1.1,3.5,0.2
181,Sierra Leone,2011,6.6,39.2,1.1,3.5,0.2
181,Sierra Leone,2012,6.7,39.6,1.1,3.6,0.2
181,Sierra Leone,2013,6.9,40,1.1,3.7,0.2
181,Sierra Leone,2014,7,40.4,1.1,3.8,0.2
181,Sierra Leone,2015,7.2,40.8,1.1,4,0.2
181,Sierra Leone,2016,7.3,41.2,1.1,4.1,0.2
181,Sierra Leone,2017,7.5,41.6,1.1,4.2,0.2
181,Sierra Leone,2018,7.7,42.1,1.1,4.3,0.2
9,Singapore,1990,3,100,0.2,2.2,0.2
9,Singapore,1995,3.5,100,0.3,2.6,0.2
9,Singapore,2000,4,100,0.2,3,0.3
9,Singapore,2005,4.3,100,0.2,3.2,0.3
9,Singapore,2010,5.1,100,0.2,4,0.4
9,Singapore,2011,5.3,100,0.2,4.1,0.4
9,Singapore,2012,5.4,100,0.2,4.2,0.4
9,Singapore,2013,5.5,100,0.2,4.3,0.5
9,Singapore,2014,5.5,100,0.2,4.3,0.5
9,Singapore,2015,5.6,100,0.2,4.4,0.5
9,Singapore,2016,5.7,100,0.2,4.4,0.6
9,Singapore,2017,5.7,100,0.2,4.4,0.6
9,Singapore,2018,5.8,100,0.2,4.4,0.7
36,Slovakia,1990,5.3,56.5,0.4,3.4,0.5
36,Slovakia,1995,5.4,56.5,0.4,3.6,0.6
36,Slovakia,2000,5.4,56.2,0.3,3.7,0.6
36,Slovakia,2005,5.4,55.6,0.3,3.9,0.6
36,Slovakia,2010,5.4,54.7,0.3,3.9,0.7
36,Slovakia,2011,5.4,54.4,0.3,3.9,0.7
36,Slovakia,2012,5.4,54.3,0.3,3.9,0.7
36,Slovakia,2013,5.4,54.1,0.3,3.9,0.7
36,Slovakia,2014,5.4,54,0.3,3.9,0.7
36,Slovakia,2015,5.4,53.9,0.3,3.8,0.8
36,Slovakia,2016,5.4,53.8,0.3,3.8,0.8
36,Slovakia,2017,5.4,53.8,0.3,3.8,0.8
36,Slovakia,2018,5.5,53.7,0.3,3.8,0.9
24,Slovenia,1990,2,50.4,0.1,1.4,0.2
24,Slovenia,1995,2,50.6,0.1,1.4,0.2
24,Slovenia,2000,2,50.8,0.1,1.4,0.3
24,Slovenia,2005,2,51.5,0.1,1.4,0.3
24,Slovenia,2010,2,52.7,0.1,1.4,0.3
24,Slovenia,2011,2.1,52.9,0.1,1.4,0.3
24,Slovenia,2012,2.1,53.1,0.1,1.4,0.4
24,Slovenia,2013,2.1,53.3,0.1,1.4,0.4
24,Slovenia,2014,2.1,53.6,0.1,1.4,0.4
24,Slovenia,2015,2.1,53.8,0.1,1.4,0.4
24,Slovenia,2016,2.1,54,0.1,1.4,0.4
24,Slovenia,2017,2.1,54.3,0.1,1.4,0.4
24,Slovenia,2018,2.1,54.5,0.1,1.4,0.4
153,Solomon Islands,1990,0.3,13.7,0.1,0.2,0
153,Solomon Islands,1995,0.4,14.7,0.1,0.2,0
153,Solomon Islands,2000,0.4,15.8,0.1,0.2,0
153,Solomon Islands,2005,0.5,17.8,0.1,0.3,0
153,Solomon Islands,2010,0.5,20,0.1,0.3,0
153,Solomon Islands,2011,0.5,20.5,0.1,0.3,0
153,Solomon Islands,2012,0.6,21,0.1,0.3,0
153,Solomon Islands,2013,0.6,21.4,0.1,0.3,0
153,Solomon Islands,2014,0.6,21.9,0.1,0.3,0
153,Solomon Islands,2015,0.6,22.4,0.1,0.3,0
153,Solomon Islands,2016,0.6,22.8,0.1,0.3,0
153,Solomon Islands,2017,0.6,23.3,0.1,0.4,0
153,Solomon Islands,2018,0.7,23.7,0.1,0.4,0
,Somalia,1990,7.2,29.7,1.3,3.8,0.2
,Somalia,1995,7.5,31.4,1.4,3.9,0.2
,Somalia,2000,8.9,33.2,1.8,4.5,0.2
,Somalia,2005,10.4,36.3,2,5.2,0.3
,Somalia,2010,12,39.3,2.3,5.9,0.3
,Somalia,2011,12.4,41,2.3,6.1,0.3
,Somalia,2012,12.7,41.6,2.4,6.3,0.3
,Somalia,2013,13.1,42.1,2.4,6.5,0.4
,Somalia,2014,13.4,42.7,2.4,6.7,0.4
,Somalia,2015,13.8,43.2,2.5,6.9,0.4
,Somalia,2016,14.2,43.8,2.5,7.1,0.4
,Somalia,2017,14.6,44.4,2.6,7.4,0.4
,Somalia,2018,15,45,2.7,7.6,0.4
113,South Africa,1990,36.8,52,5.4,20.6,1.5
113,South Africa,1995,41.4,54.5,5.1,24.2,1.8
113,South Africa,2000,45,56.9,4.9,27.7,2
113,South Africa,2005,47.9,59.5,4.9,30.9,2.2
113,South Africa,2010,51.2,62.2,5.5,33.6,2.4
113,South Africa,2011,52,62.7,5.7,34.1,2.5
113,South Africa,2012,52.8,63.3,5.8,34.7,2.6
113,South Africa,2013,53.7,63.8,5.8,35.3,2.6
113,South Africa,2014,54.5,64.3,5.8,35.8,2.7
113,South Africa,2015,55.4,64.8,5.8,36.4,2.8
113,South Africa,2016,56.2,65.3,5.8,36.9,2.9
113,South Africa,2017,57,65.8,5.8,37.4,3
113,South Africa,2018,57.8,66.4,5.8,37.9,3.1
186,South Sudan,1990,5.5,13.3,1,2.9,0.2
186,South Sudan,1995,5.1,15.9,0.9,2.7,0.2
186,South Sudan,2000,6.2,16.5,1.1,3.2,0.2
186,South Sudan,2005,7.5,17.2,1.3,4,0.2
186,South Sudan,2010,9.5,17.9,1.6,5.1,0.3
186,South Sudan,2011,9.8,18,1.6,5.2,0.3
186,South Sudan,2012,10.1,18.2,1.7,5.4,0.3
186,South Sudan,2013,10.4,18.4,1.7,5.5,0.4
186,South Sudan,2014,10.6,18.6,1.7,5.7,0.4
186,South Sudan,2015,10.7,18.9,1.7,5.8,0.4
186,South Sudan,2016,10.8,19.1,1.7,5.9,0.4
186,South Sudan,2017,10.9,19.3,1.7,5.9,0.4
186,South Sudan,2018,11,19.6,1.7,6,0.4
25,Spain,1990,39.2,75.4,2.1,26.1,5.2
25,Spain,1995,39.8,75.9,1.9,27.1,6
25,Spain,2000,40.8,76.3,1.9,28,6.8
25,Spain,2005,44,77.3,2.2,30.4,7.3
25,Spain,2010,46.9,78.4,2.5,32,8
25,Spain,2011,47.1,78.7,2.6,31.9,8.2
25,Spain,2012,47.1,78.9,2.5,31.7,8.3
25,Spain,2013,46.9,79.1,2.4,31.5,8.4
25,Spain,2014,46.8,79.4,2.3,31.2,8.6
25,Spain,2015,46.7,79.6,2.2,31,8.7
25,Spain,2016,46.6,79.8,2.1,30.9,8.8
25,Spain,2017,46.6,80.1,2,30.9,8.9
25,Spain,2018,46.7,80.3,2,30.8,9
71,Sri Lanka,1990,17.3,18.5,1.8,10.8,0.9
71,Sri Lanka,1995,18.2,18.5,1.7,11.8,1.1
71,Sri Lanka,2000,18.8,18.4,1.6,12.6,1.2
71,Sri Lanka,2005,19.5,18.3,1.7,13.2,1.3
71,Sri Lanka,2010,20.3,18.2,1.8,13.6,1.5
71,Sri Lanka,2011,20.4,18.2,1.8,13.7,1.6
71,Sri Lanka,2012,20.5,18.2,1.8,13.7,1.7
71,Sri Lanka,2013,20.7,18.2,1.8,13.7,1.8
71,Sri Lanka,2014,20.8,18.2,1.7,13.7,1.9
71,Sri Lanka,2015,20.9,18.3,1.7,13.8,2
71,Sri Lanka,2016,21,18.3,1.7,13.8,2.1
71,Sri Lanka,2017,21.1,18.4,1.7,13.8,2.1
71,Sri Lanka,2018,21.2,18.5,1.7,13.9,2.2
168,Sudan,1990,20.1,28.6,3.5,10.4,0.6
168,Sudan,1995,24.1,32.2,4.2,12.7,0.7
168,Sudan,2000,27.3,32.5,4.7,14.5,0.8
168,Sudan,2005,30.9,32.8,5.2,16.5,1
168,Sudan,2010,34.5,33.1,5.6,18.6,1.1
168,Sudan,2011,35.4,33.2,5.6,19.1,1.2
168,Sudan,2012,36.2,33.3,5.7,19.6,1.2
168,Sudan,2013,37.1,33.5,5.8,20.2,1.3
168,Sudan,2014,38,33.7,5.8,20.8,1.3
168,Sudan,2015,38.9,33.9,5.9,21.4,1.3
168,Sudan,2016,39.8,34.1,6,22,1.4
168,Sudan,2017,40.8,34.4,6.1,22.7,1.4
168,Sudan,2018,41.8,34.6,6.2,23.4,1.5
98,Suriname,1990,0.4,65.7,0.1,0.2,0
98,Suriname,1995,0.4,66.1,0.1,0.3,0
98,Suriname,2000,0.5,66.4,0.1,0.3,0
98,Suriname,2005,0.5,66.7,0.1,0.3,0
98,Suriname,2010,0.5,66.3,0.1,0.3,0
98,Suriname,2011,0.5,66.3,0.1,0.3,0
98,Suriname,2012,0.5,66.2,0.1,0.4,0
98,Suriname,2013,0.5,66.1,0.1,0.4,0
98,Suriname,2014,0.6,66.1,0.1,0.4,0
98,Suriname,2015,0.6,66.1,0.1,0.4,0
98,Suriname,2016,0.6,66,0.1,0.4,0
98,Suriname,2017,0.6,66,0.1,0.4,0
98,Suriname,2018,0.6,66.1,0.1,0.4,0
8,Sweden,1990,8.6,83.1,0.6,5.5,1.5
8,Sweden,1995,8.8,83.8,0.6,5.6,1.5
8,Sweden,2000,8.9,84,0.5,5.7,1.5
8,Sweden,2005,9,84.3,0.5,5.9,1.6
8,Sweden,2010,9.4,85.1,0.6,6.1,1.7
8,Sweden,2011,9.5,85.3,0.6,6.2,1.8
8,Sweden,2012,9.5,85.6,0.6,6.2,1.8
8,Sweden,2013,9.6,85.9,0.6,6.2,1.8
8,Sweden,2014,9.7,86.2,0.6,6.2,1.9
8,Sweden,2015,9.8,86.6,0.6,6.2,1.9
8,Sweden,2016,9.8,86.9,0.6,6.2,2
8,Sweden,2017,9.9,87.1,0.6,6.2,2
8,Sweden,2018,10,87.4,0.6,6.2,2
2,Switzerland,1990,6.7,73.9,0.4,4.5,1
2,Switzerland,1995,7,73.7,0.4,4.7,1
2,Switzerland,2000,7.1,73.4,0.4,4.8,1.1
2,Switzerland,2005,7.4,73.5,0.4,5,1.2
2,Switzerland,2010,7.8,73.6,0.4,5.3,1.3
2,Switzerland,2011,7.9,73.6,0.4,5.4,1.4
2,Switzerland,2012,8,73.7,0.4,5.4,1.4
2,Switzerland,2013,8.1,73.7,0.4,5.5,1.4
2,Switzerland,2014,8.2,73.7,0.4,5.5,1.5
2,Switzerland,2015,8.3,73.7,0.4,5.6,1.5
2,Switzerland,2016,8.4,73.7,0.4,5.6,1.5
2,Switzerland,2017,8.5,73.8,0.4,5.6,1.6
2,Switzerland,2018,8.5,73.8,0.4,5.7,1.6
154,Syrian Arab Republic,1990,12.4,48.9,2.1,6.2,0.4
154,Syrian Arab Republic,1995,14.3,50.1,2.2,7.6,0.5
154,Syrian Arab Republic,2000,16.4,51.9,2.4,9.1,0.5
154,Syrian Arab Republic,2005,18.4,53.8,2.6,10.5,0.6
154,Syrian Arab Republic,2010,21.4,55.6,2.9,12.6,0.7
154,Syrian Arab Republic,2011,21.1,54.6,2.9,12.6,0.7
154,Syrian Arab Republic,2012,20.4,53.6,2.7,12.3,0.7
154,Syrian Arab Republic,2013,19.6,52.5,2.5,12,0.7
154,Syrian Arab Republic,2014,18.7,51.5,2.2,11.6,0.7
154,Syrian Arab Republic,2015,18,52.2,2.1,11.3,0.7
154,Syrian Arab Republic,2016,17.5,52.8,1.9,11.1,0.7
154,Syrian Arab Republic,2017,17.1,53.5,1.8,10.9,0.7
154,Syrian Arab Republic,2018,16.9,54.2,1.8,10.9,0.8
125,Tajikistan,1990,5.3,31.7,0.9,2.8,0.2
125,Tajikistan,1995,5.8,28.9,0.9,3,0.2
125,Tajikistan,2000,6.2,26.5,0.9,3.3,0.2
125,Tajikistan,2005,6.8,26.5,0.9,4,0.3
125,Tajikistan,2010,7.5,26.5,1,4.6,0.2
125,Tajikistan,2011,7.7,26.5,1,4.7,0.2
125,Tajikistan,2012,7.9,26.5,1.1,4.8,0.2
125,Tajikistan,2013,8.1,26.6,1.1,5,0.2
125,Tajikistan,2014,8.3,26.7,1.2,5.1,0.2
125,Tajikistan,2015,8.5,26.7,1.2,5.2,0.2
125,Tajikistan,2016,8.7,26.9,1.3,5.3,0.3
125,Tajikistan,2017,8.9,27,1.3,5.4,0.3
125,Tajikistan,2018,9.1,27.1,1.3,5.5,0.3
159,Tanzania (United Republic of),1990,25.2,18.9,4.6,13,0.7
159,Tanzania (United Republic of),1995,29.6,20.5,5.3,15.4,0.8
159,Tanzania (United Republic of),2000,33.5,22.3,5.8,17.6,0.9
159,Tanzania (United Republic of),2005,38.5,24.8,6.8,20.3,1
159,Tanzania (United Republic of),2010,44.3,28.1,7.9,23.3,1.1
159,Tanzania (United Republic of),2011,45.7,28.8,8.1,24,1.1
159,Tanzania (United Republic of),2012,47.1,29.5,8.3,24.8,1.2
159,Tanzania (United Republic of),2013,48.5,30.2,8.4,25.5,1.2
159,Tanzania (United Republic of),2014,50,30.9,8.6,26.3,1.3
159,Tanzania (United Republic of),2015,51.5,31.6,8.8,27.2,1.3
159,Tanzania (United Republic of),2016,53,32.3,8.9,28.1,1.4
159,Tanzania (United Republic of),2017,54.7,33.1,9.1,29,1.4
159,Tanzania (United Republic of),2018,56.3,33.8,9.3,30,1.5
77,Thailand,1990,56.6,29.4,5.4,36.9,2.6
77,Thailand,1995,59.5,30.3,5.1,40.1,3.3
77,Thailand,2000,63,31.4,4.7,43.7,4.1
77,Thailand,2005,65.4,37.4,4.2,46.4,5.1
77,Thailand,2010,67.2,43.9,4,48.3,6
77,Thailand,2011,67.5,44.7,4,48.5,6.2
77,Thailand,2012,67.8,45.4,4,48.7,6.4
77,Thailand,2013,68.1,46.2,4,48.8,6.7
77,Thailand,2014,68.4,46.9,3.9,49,7
77,Thailand,2015,68.7,47.7,3.8,49.1,7.3
77,Thailand,2016,69,48.4,3.8,49.2,7.6
77,Thailand,2017,69.2,49.2,3.7,49.3,7.9
77,Thailand,2018,69.4,49.9,3.7,49.3,8.3
131,Timor-Leste,1990,0.7,20.8,0.1,0.4,0
131,Timor-Leste,1995,0.8,22.5,0.1,0.5,0
131,Timor-Leste,2000,0.9,24.3,0.2,0.5,0
131,Timor-Leste,2005,1,26,0.2,0.5,0
131,Timor-Leste,2010,1.1,27.7,0.2,0.6,0
131,Timor-Leste,2011,1.1,28.1,0.2,0.6,0
131,Timor-Leste,2012,1.1,28.4,0.2,0.6,0
131,Timor-Leste,2013,1.2,28.8,0.2,0.6,0.1
131,Timor-Leste,2014,1.2,29.1,0.2,0.7,0.1
131,Timor-Leste,2015,1.2,29.5,0.2,0.7,0.1
131,Timor-Leste,2016,1.2,29.8,0.2,0.7,0.1
131,Timor-Leste,2017,1.2,30.2,0.2,0.7,0.1
131,Timor-Leste,2018,1.3,30.6,0.2,0.7,0.1
167,Togo,1990,3.8,28.6,0.7,1.9,0.1
167,Togo,1995,4.2,30.7,0.7,2.2,0.1
167,Togo,2000,4.9,32.9,0.8,2.7,0.1
167,Togo,2005,5.6,35.2,0.9,3.1,0.2
167,Togo,2010,6.4,37.5,1.1,3.5,0.2
167,Togo,2011,6.6,38,1.1,3.6,0.2
167,Togo,2012,6.8,38.5,1.1,3.7,0.2
167,Togo,2013,7,39.1,1.1,3.8,0.2
167,Togo,2014,7.1,39.6,1.1,3.9,0.2
167,Togo,2015,7.3,40.1,1.1,4,0.2
167,Togo,2016,7.5,40.6,1.2,4.2,0.2
167,Togo,2017,7.7,41.2,1.2,4.3,0.2
167,Togo,2018,7.9,41.7,1.2,4.4,0.2
105,Tonga,1990,0.1,22.7,0,0.1,0
105,Tonga,1995,0.1,22.9,0,0.1,0
105,Tonga,2000,0.1,23,0,0.1,0
105,Tonga,2005,0.1,23.2,0,0.1,0
105,Tonga,2010,0.1,23.4,0,0.1,0
105,Tonga,2011,0.1,23.4,0,0.1,0
105,Tonga,2012,0.1,23.4,0,0.1,0
105,Tonga,2013,0.1,23.4,0,0.1,0
105,Tonga,2014,0.1,23.3,0,0.1,0
105,Tonga,2015,0.1,23.3,0,0.1,0
105,Tonga,2016,0.1,23.2,0,0.1,0
105,Tonga,2017,0.1,23.2,0,0.1,0
105,Tonga,2018,0.1,23.1,0,0.1,0
63,Trinidad and Tobago,1990,1.2,54.1,0.1,0.7,0.1
63,Trinidad and Tobago,1995,1.3,55,0.1,0.8,0.1
63,Trinidad and Tobago,2000,1.3,55.9,0.1,0.9,0.1
63,Trinidad and Tobago,2005,1.3,55,0.1,0.9,0.1
63,Trinidad and Tobago,2010,1.3,54,0.1,0.9,0.1
63,Trinidad and Tobago,2011,1.3,53.8,0.1,0.9,0.1
63,Trinidad and Tobago,2012,1.3,53.7,0.1,0.9,0.1
63,Trinidad and Tobago,2013,1.4,53.5,0.1,1,0.1
63,Trinidad and Tobago,2014,1.4,53.4,0.1,1,0.1
63,Trinidad and Tobago,2015,1.4,53.3,0.1,1,0.1
63,Trinidad and Tobago,2016,1.4,53.2,0.1,1,0.1
63,Trinidad and Tobago,2017,1.4,53.2,0.1,1,0.1
63,Trinidad and Tobago,2018,1.4,53.2,0.1,1,0.1
91,Tunisia,1990,8.2,57.9,1.1,4.8,0.4
91,Tunisia,1995,9.1,61.5,1,5.5,0.5
91,Tunisia,2000,9.7,63.4,0.8,6.2,0.7
91,Tunisia,2005,10.1,65.2,0.8,6.8,0.7
91,Tunisia,2010,10.6,66.7,0.9,7.4,0.8
91,Tunisia,2011,10.7,66.9,0.9,7.4,0.8
91,Tunisia,2012,10.8,67.2,0.9,7.5,0.8
91,Tunisia,2013,11,67.5,1,7.6,0.8
91,Tunisia,2014,11.1,67.8,1,7.6,0.8
91,Tunisia,2015,11.2,68.1,1,7.7,0.9
91,Tunisia,2016,11.3,68.3,1,7.7,0.9
91,Tunisia,2017,11.4,68.6,1,7.8,0.9
91,Tunisia,2018,11.6,68.9,1,7.8,1
59,Turkey,1990,53.9,59.2,6.6,32.1,2.5
59,Turkey,1995,58.5,62.1,6.4,36.1,3
59,Turkey,2000,63.2,64.7,6.6,40,3.9
59,Turkey,2005,67.9,67.8,6.5,43.9,4.5
59,Turkey,2010,72.3,70.8,6.4,47.7,5.2
59,Turkey,2011,73.4,71.4,6.5,48.5,5.4
59,Turkey,2012,74.7,72,6.6,49.4,5.5
59,Turkey,2013,75.9,72.5,6.6,50.4,5.7
59,Turkey,2014,77.2,73.1,6.7,51.3,5.9
59,Turkey,2015,78.5,73.6,6.8,52.2,6.2
59,Turkey,2016,79.8,74.1,6.8,53.2,6.4
59,Turkey,2017,81.1,74.6,6.8,54.1,6.7
59,Turkey,2018,82.3,75.1,6.7,55.1,7
108,Turkmenistan,1990,3.7,45.1,0.6,2,0.1
108,Turkmenistan,1995,4.2,44.8,0.6,2.4,0.2
108,Turkmenistan,2000,4.5,45.9,0.5,2.7,0.2
108,Turkmenistan,2005,4.8,47.1,0.5,3,0.2
108,Turkmenistan,2010,5.1,48.5,0.5,3.4,0.2
108,Turkmenistan,2011,5.2,48.8,0.5,3.4,0.2
108,Turkmenistan,2012,5.3,49.2,0.6,3.5,0.2
108,Turkmenistan,2013,5.4,49.5,0.6,3.5,0.2
108,Turkmenistan,2014,5.5,49.9,0.7,3.6,0.2
108,Turkmenistan,2015,5.6,50.3,0.7,3.6,0.2
108,Turkmenistan,2016,5.7,50.7,0.7,3.7,0.2
108,Turkmenistan,2017,5.8,51.2,0.7,3.7,0.2
108,Turkmenistan,2018,5.9,51.6,0.7,3.8,0.3
,Tuvalu,1990,0,40.7,,,
,Tuvalu,1995,0,44,,,
,Tuvalu,2000,0,46,,,
,Tuvalu,2005,0,49.7,,,
,Tuvalu,2010,0,54.8,,,
,Tuvalu,2011,0,55.8,,,
,Tuvalu,2012,0,56.8,,,
,Tuvalu,2013,0,57.8,,,
,Tuvalu,2014,0,58.8,,,
,Tuvalu,2015,0,59.7,,,
,Tuvalu,2016,0,60.6,,,
,Tuvalu,2017,0,61.5,,,
,Tuvalu,2018,0,62.4,,,
159,Uganda,1990,17.4,11.1,3.4,8.6,0.4
159,Uganda,1995,20.4,12.8,4.1,9.9,0.5
159,Uganda,2000,23.6,14.8,4.7,11.4,0.5
159,Uganda,2005,27.7,17,5.5,13.4,0.5
159,Uganda,2010,32.4,19.4,6.3,15.9,0.6
159,Uganda,2011,33.5,19.9,6.4,16.5,0.6
159,Uganda,2012,34.6,20.4,6.6,17.1,0.6
159,Uganda,2013,35.7,21,6.7,17.7,0.7
159,Uganda,2014,36.9,21.5,6.9,18.4,0.7
159,Uganda,2015,38.2,22.1,7,19.2,0.7
159,Uganda,2016,39.6,22.6,7.2,20,0.8
159,Uganda,2017,41.2,23.2,7.4,20.9,0.8
159,Uganda,2018,42.7,23.8,7.5,21.8,0.8
88,Ukraine,1990,51.5,66.8,3.5,34.4,6.2
88,Ukraine,1995,50.9,67,2.8,33.9,6.9
88,Ukraine,2000,48.8,67.1,2.2,33.7,6.7
88,Ukraine,2005,46.9,67.8,2,32.6,7.5
88,Ukraine,2010,45.8,68.6,2.4,32.1,7.2
88,Ukraine,2011,45.6,68.7,2.5,31.9,7.1
88,Ukraine,2012,45.5,68.8,2.5,31.7,7.1
88,Ukraine,2013,45.3,68.9,2.5,31.5,7.1
88,Ukraine,2014,45.1,69,2.5,31.3,7
88,Ukraine,2015,44.9,69.1,2.5,31,7
88,Ukraine,2016,44.7,69.2,2.4,30.7,7.1
88,Ukraine,2017,44.5,69.2,2.3,30.3,7.2
88,Ukraine,2018,44.2,69.4,2.3,30,7.3
35,United Arab Emirates,1990,1.8,79.1,0.2,1.2,0
35,United Arab Emirates,1995,2.4,78.3,0.2,1.7,0
35,United Arab Emirates,2000,3.1,80.2,0.3,2.3,0
35,United Arab Emirates,2005,4.6,82.3,0.3,3.7,0
35,United Arab Emirates,2010,8.6,84.1,0.4,7.4,0.1
35,United Arab Emirates,2011,8.9,84.4,0.5,7.7,0.1
35,United Arab Emirates,2012,9.1,84.7,0.5,7.8,0.1
35,United Arab Emirates,2013,9.2,85.1,0.5,7.9,0.1
35,United Arab Emirates,2014,9.2,85.4,0.5,7.8,0.1
35,United Arab Emirates,2015,9.3,85.7,0.5,7.9,0.1
35,United Arab Emirates,2016,9.4,86,0.5,7.9,0.1
35,United Arab Emirates,2017,9.5,86.2,0.5,8,0.1
35,United Arab Emirates,2018,9.6,86.5,0.5,8.1,0.1
15,United Kingdom,1990,57.1,78.1,3.8,37.3,9
15,United Kingdom,1995,57.9,78.4,3.8,37.5,9.2
15,United Kingdom,2000,58.9,78.7,3.6,38.3,9.4
15,United Kingdom,2005,60.3,79.9,3.5,39.8,9.7
15,United Kingdom,2010,63.5,81.3,3.9,41.8,10.5
15,United Kingdom,2011,64,81.6,4,42,10.8
15,United Kingdom,2012,64.5,81.8,4.1,42.2,11
15,United Kingdom,2013,65,82.1,4.1,42.3,11.3
15,United Kingdom,2014,65.4,82.4,4.1,42.4,11.6
15,United Kingdom,2015,65.9,82.6,4.1,42.5,11.8
15,United Kingdom,2016,66.3,82.9,4,42.6,12
15,United Kingdom,2017,66.7,83.1,4,42.8,12.2
15,United Kingdom,2018,67.1,83.4,4,42.9,12.4
15,United States,1990,252.1,75.3,19.2,165.6,31.8
15,United States,1995,265.2,77.3,20,173.2,33.6
15,United States,2000,281.7,79.1,19.6,185.8,34.7
15,United States,2005,295,79.9,20.3,197.1,36.3
15,United States,2010,309,80.8,20.9,206.5,40.1
15,United States,2011,311.6,80.9,20.9,207.9,41.3
15,United States,2012,314,81.1,20.7,209.2,42.6
15,United States,2013,316.4,81.3,20.4,210.3,44
15,United States,2014,318.7,81.5,20.2,211.3,45.5
15,United States,2015,320.9,81.7,19.9,212.2,47
15,United States,2016,323,81.9,19.6,213,48.6
15,United States,2017,325.1,82.1,19.5,213.7,50.1
15,United States,2018,327.1,82.3,19.5,214.2,51.7
57,Uruguay,1990,3.1,89,0.3,1.9,0.4
57,Uruguay,1995,3.2,90.5,0.3,2,0.4
57,Uruguay,2000,3.3,92,0.3,2.1,0.4
57,Uruguay,2005,3.3,93.3,0.3,2.1,0.5
57,Uruguay,2010,3.4,94.4,0.2,2.1,0.5
57,Uruguay,2011,3.4,94.6,0.2,2.2,0.5
57,Uruguay,2012,3.4,94.7,0.2,2.2,0.5
57,Uruguay,2013,3.4,94.8,0.2,2.2,0.5
57,Uruguay,2014,3.4,94.9,0.2,2.2,0.5
57,Uruguay,2015,3.4,95,0.2,2.2,0.5
57,Uruguay,2016,3.4,95.1,0.2,2.2,0.5
57,Uruguay,2017,3.4,95.2,0.2,2.2,0.5
57,Uruguay,2018,3.4,95.3,0.2,2.2,0.5
108,Uzbekistan,1990,20.4,41.4,3.2,11.3,0.8
108,Uzbekistan,1995,22.8,43.7,3.3,12.6,1
108,Uzbekistan,2000,24.8,46.1,2.8,14.4,1.1
108,Uzbekistan,2005,26.4,48.5,2.6,16.5,1.3
108,Uzbekistan,2010,28.5,51,2.9,18.9,1.3
108,Uzbekistan,2011,29,51.2,3.1,19.3,1.3
108,Uzbekistan,2012,29.4,51,3.2,19.8,1.3
108,Uzbekistan,2013,29.9,51,3.2,20.2,1.2
108,Uzbekistan,2014,30.4,50.8,3.3,20.6,1.2
108,Uzbekistan,2015,30.9,50.8,3.3,20.9,1.3
108,Uzbekistan,2016,31.4,50.6,3.3,21.2,1.3
108,Uzbekistan,2017,32,50.6,3.4,21.5,1.4
108,Uzbekistan,2018,32.5,50.5,3.4,21.7,1.4
141,Vanuatu,1990,0.1,18.7,0,0.1,0
141,Vanuatu,1995,0.2,20.2,0,0.1,0
141,Vanuatu,2000,0.2,21.7,0,0.1,0
141,Vanuatu,2005,0.2,23.1,0,0.1,0
141,Vanuatu,2010,0.2,24.5,0,0.1,0
141,Vanuatu,2011,0.2,24.6,0,0.1,0
141,Vanuatu,2012,0.3,24.7,0,0.1,0
141,Vanuatu,2013,0.3,24.8,0,0.1,0
141,Vanuatu,2014,0.3,24.9,0,0.2,0
141,Vanuatu,2015,0.3,25,0,0.2,0
141,Vanuatu,2016,0.3,25.1,0,0.2,0
141,Vanuatu,2017,0.3,25.2,0,0.2,0
141,Vanuatu,2018,0.3,25.3,0,0.2,0
96,Venezuela (Bolivarian Republic of),1990,19.6,84.3,2.7,11.5,0.7
96,Venezuela (Bolivarian Republic of),1995,21.9,86,2.8,13.1,0.9
96,Venezuela (Bolivarian Republic of),2000,24.2,87.6,2.8,14.9,1.1
96,Venezuela (Bolivarian Republic of),2005,26.4,88,2.9,16.7,1.3
96,Venezuela (Bolivarian Republic of),2010,28.4,88.1,2.9,18.4,1.6
96,Venezuela (Bolivarian Republic of),2011,28.9,88.1,2.9,18.7,1.6
96,Venezuela (Bolivarian Republic of),2012,29.4,88.1,2.9,19,1.7
96,Venezuela (Bolivarian Republic of),2013,29.8,88.1,3,19.3,1.8
96,Venezuela (Bolivarian Republic of),2014,30,88.1,2.9,19.5,1.9
96,Venezuela (Bolivarian Republic of),2015,30.1,88.2,2.9,19.6,1.9
96,Venezuela (Bolivarian Republic of),2016,29.9,88.2,2.8,19.4,2
96,Venezuela (Bolivarian Republic of),2017,29.4,88.2,2.7,19.1,2
96,Venezuela (Bolivarian Republic of),2018,28.9,88.2,2.5,18.8,2.1
118,Viet Nam,1990,68,20.3,9.1,38.8,3.9
118,Viet Nam,1995,74.9,22.2,9.1,43.9,4.5
118,Viet Nam,2000,79.9,24.4,7.2,49.5,5.1
118,Viet Nam,2005,83.8,27.3,6.7,55.6,5.5
118,Viet Nam,2010,88,30.4,7.2,61.5,5.7
118,Viet Nam,2011,88.9,31.1,7.3,62.4,5.8
118,Viet Nam,2012,89.8,31.8,7.4,63.2,5.8
118,Viet Nam,2013,90.8,32.4,7.5,63.9,5.9
118,Viet Nam,2014,91.7,33.1,7.6,64.6,6
118,Viet Nam,2015,92.7,33.8,7.6,65.2,6.2
118,Viet Nam,2016,93.6,34.5,7.7,65.7,6.4
118,Viet Nam,2017,94.6,35.2,7.7,66.1,6.7
118,Viet Nam,2018,95.5,35.9,7.8,66.5,7
177,Yemen,1990,11.7,20.9,2.5,5.4,0.3
177,Yemen,1995,14.9,23.8,3,7,0.5
177,Yemen,2000,17.4,26.3,3.1,8.4,0.5
177,Yemen,2005,20.1,28.9,3.3,10.3,0.5
177,Yemen,2010,23.2,31.8,3.6,12.7,0.6
177,Yemen,2011,23.8,32.4,3.7,13.1,0.6
177,Yemen,2012,24.5,33,3.8,13.6,0.7
177,Yemen,2013,25.1,33.6,3.8,14,0.7
177,Yemen,2014,25.8,34.2,3.9,14.5,0.7
177,Yemen,2015,26.5,34.8,4,15,0.7
177,Yemen,2016,27.2,35.4,4,15.4,0.8
177,Yemen,2017,27.8,36,4.1,15.9,0.8
177,Yemen,2018,28.5,36.6,4.1,16.4,0.8
143,Zambia,1990,8,39.4,1.5,4,0.2
143,Zambia,1995,9.1,37.1,1.7,4.6,0.2
143,Zambia,2000,10.4,34.8,1.9,5.3,0.2
143,Zambia,2005,11.9,36.9,2.2,6,0.3
143,Zambia,2010,13.6,39.4,2.5,6.9,0.3
143,Zambia,2011,14,39.9,2.5,7.1,0.3
143,Zambia,2012,14.5,40.4,2.6,7.4,0.3
143,Zambia,2013,14.9,40.9,2.6,7.6,0.3
143,Zambia,2014,15.4,41.4,2.7,7.9,0.3
143,Zambia,2015,15.9,41.9,2.8,8.2,0.3
143,Zambia,2016,16.4,42.4,2.8,8.5,0.3
143,Zambia,2017,16.9,43,2.8,8.8,0.4
143,Zambia,2018,17.4,43.5,2.9,9.2,0.4
150,Zimbabwe,1990,10.4,29,1.8,5.4,0.3
150,Zimbabwe,1995,11.4,31.7,1.7,6.1,0.3
150,Zimbabwe,2000,11.9,33.8,1.7,6.5,0.4
150,Zimbabwe,2005,12.1,34.1,1.8,6.7,0.4
150,Zimbabwe,2010,12.7,33.2,2,7,0.4
150,Zimbabwe,2011,12.9,33,2.1,7.1,0.4
150,Zimbabwe,2012,13.1,32.8,2.1,7.2,0.4
150,Zimbabwe,2013,13.3,32.7,2.2,7.3,0.4
150,Zimbabwe,2014,13.6,32.5,2.2,7.4,0.4
150,Zimbabwe,2015,13.8,32.4,2.3,7.5,0.4
150,Zimbabwe,2016,14,32.3,2.3,7.6,0.4
150,Zimbabwe,2017,14.2,32.2,2.3,7.8,0.4
150,Zimbabwe,2018,14.4,32.2,2.2,7.9,0.4
